{
  "configVersion": 1,
  "timestamp": 1594890843730,
  "index": "/index.html",
  "assetGroups": [
    {
      "name": "app",
      "installMode": "prefetch",
      "updateMode": "prefetch",
      "urls": [
        "/favicon.ico",
        "/index.html",
        "/main-es2015.3911222343e77d3f54e6.js",
        "/main-es5.3911222343e77d3f54e6.js",
        "/manifest.webmanifest",
        "/polyfills-es2015.f2c5ab749249a66bdf26.js",
        "/polyfills-es5.8762124472dbe27575bb.js",
        "/runtime-es2015.1eba213af0b233498d9d.js",
        "/runtime-es5.1eba213af0b233498d9d.js",
        "/scripts.1f6ca033f03e3eca8195.js",
        "/styles.df2fc529cf7dff0e36e9.css"
      ],
      "patterns": []
    },
    {
      "name": "assets",
      "installMode": "lazy",
      "updateMode": "prefetch",
      "urls": [
        "/Bg_blog_right.fe95ef47d8234546fe3a.png",
        "/Team_line.7f046174de48fbcb86fa.png",
        "/ad.45026b922ec57f969a0a.svg",
        "/ad.94e810253dbc84702e9a.svg",
        "/ae.23c174705b39d649ba43.svg",
        "/ae.2c530f6449f3e5abd04b.svg",
        "/af.458ab7e0c32d14aefe33.svg",
        "/af.867627c537fd29812532.svg",
        "/ag.3f18bb58815f1eb37b60.svg",
        "/ag.5929ca9ff0f160f96fb5.svg",
        "/ai.546a12e334b3f4d8967c.svg",
        "/ai.c4699001b99c1638c765.svg",
        "/al.090568ab89f9b7e68f3b.svg",
        "/al.3dd8853b91d6f490b4c1.svg",
        "/am.36fc7db319e532bff785.svg",
        "/am.e935f82147f4d3c76c92.svg",
        "/ao.7ed590a16ff7642e7a85.svg",
        "/ao.ad6f3c8c3519f36b36c4.svg",
        "/aq.e3fbc5d0ce77f1c9e808.svg",
        "/aq.e6c275d0d4e5135fb04b.svg",
        "/ar.2ff091f8773d0ea8640d.svg",
        "/ar.5a7c09af30ea06db87f1.svg",
        "/as.3b86b6876653592c0fa3.svg",
        "/as.7ae00cb9d6bf497132c1.svg",
        "/assets/css/animate.min.css",
        "/assets/css/style.css",
        "/assets/i18n/en.json",
        "/assets/i18n/es.json",
        "/assets/icons/icon-128x128.png",
        "/assets/icons/icon-144x144.png",
        "/assets/icons/icon-152x152.png",
        "/assets/icons/icon-192x192.png",
        "/assets/icons/icon-384x384.png",
        "/assets/icons/icon-512x512.png",
        "/assets/icons/icon-72x72.png",
        "/assets/icons/icon-96x96.png",
        "/assets/images/Arrow_right.png",
        "/assets/images/Arrow_right@1x.svg",
        "/assets/images/Bg_blog_right.png",
        "/assets/images/Blog_small1.jpg",
        "/assets/images/Blog_small2.jpg",
        "/assets/images/Hamburger.png",
        "/assets/images/Hamburger@1x.svg",
        "/assets/images/Team_line.png",
        "/assets/images/Team_line@1x.svg",
        "/assets/images/Works1.png",
        "/assets/images/Works2.png",
        "/assets/images/Works3.png",
        "/assets/images/Works4.png",
        "/assets/images/arrow_left.png",
        "/assets/images/arrow_left@1x.svg",
        "/assets/images/arrow_up.png",
        "/assets/images/arrow_up@1x.svg",
        "/assets/images/avatar.jpg",
        "/assets/images/background-section.png",
        "/assets/images/behance.png",
        "/assets/images/behance@1x.svg",
        "/assets/images/bg1.jpeg",
        "/assets/images/blog_1.jpg",
        "/assets/images/blog_2.jpg",
        "/assets/images/blog_3.jpg",
        "/assets/images/blog_4.jpg",
        "/assets/images/blog_5.jpg",
        "/assets/images/blog_6.jpg",
        "/assets/images/blog_sidebar_1.jpg",
        "/assets/images/blog_sidebar_2.jpg",
        "/assets/images/blog_sidebar_3.jpg",
        "/assets/images/blog_sidebar_4.jpg",
        "/assets/images/blog_sidebar_5.jpg",
        "/assets/images/career_line.png",
        "/assets/images/career_line@1x.svg",
        "/assets/images/ecommerce_plan.jpg",
        "/assets/images/facebook.png",
        "/assets/images/facebook@1x.svg",
        "/assets/images/fb.jpeg",
        "/assets/images/first_plan.jpg",
        "/assets/images/fourth_plan.jpg",
        "/assets/images/image_1.jpeg",
        "/assets/images/image_2.jpeg",
        "/assets/images/image_3.jpeg",
        "/assets/images/image_4.jpeg",
        "/assets/images/img_1.png",
        "/assets/images/img_1@2x.png",
        "/assets/images/img_2.png",
        "/assets/images/img_2@2x.png",
        "/assets/images/img_3.png",
        "/assets/images/img_4.png",
        "/assets/images/img_5.png",
        "/assets/images/linkedin.png",
        "/assets/images/linkedin@1x.svg",
        "/assets/images/loader.gif",
        "/assets/images/logo-1.png",
        "/assets/images/logo-black.png",
        "/assets/images/logo-letras.svg",
        "/assets/images/logo-money.png",
        "/assets/images/logo-paypal.png",
        "/assets/images/logo-transfer.png",
        "/assets/images/logo-wu.png",
        "/assets/images/logo-zelle.png",
        "/assets/images/logo.bak.svg",
        "/assets/images/logo.png",
        "/assets/images/logo.svg",
        "/assets/images/logo@2x.png",
        "/assets/images/logo_letras_blancas.png",
        "/assets/images/logo_white.svg",
        "/assets/images/logo_white@2x.png",
        "/assets/images/medium.png",
        "/assets/images/medium@1x.svg",
        "/assets/images/plan-1.json",
        "/assets/images/products/adidas/img_1.jpeg",
        "/assets/images/products/adidas/img_2.jpeg",
        "/assets/images/products/adidas/img_3.jpeg",
        "/assets/images/products/adidas/img_4.jpeg",
        "/assets/images/products/adidas/img_5.jpeg",
        "/assets/images/products/adidas/img_6.jpeg",
        "/assets/images/products/adidas/img_7.jpeg",
        "/assets/images/products/balenciaga/img_1.jpg",
        "/assets/images/products/burberry/img_1.jpg",
        "/assets/images/products/burberry/img_2.jpg",
        "/assets/images/products/givenchy/img_1.jpg",
        "/assets/images/products/gucci/img_1.jpg",
        "/assets/images/products/gucci/img_2.jpg",
        "/assets/images/products/gucci/img_3.jpeg",
        "/assets/images/products/louis_vuitton/img_1.jpg",
        "/assets/images/products/louis_vuitton/img_2.jpg",
        "/assets/images/products/louis_vuitton/img_3.jpg",
        "/assets/images/products/louis_vuitton/img_4.jpg",
        "/assets/images/products/louis_vuitton/img_5.jpeg",
        "/assets/images/products/louis_vuitton/img_6.jpeg",
        "/assets/images/products/louis_vuitton/img_7.jpeg",
        "/assets/images/products/nike/img_1.jpeg",
        "/assets/images/products/nike/img_2.jpg",
        "/assets/images/products/nike/img_3.jpeg",
        "/assets/images/products/others/img_1.jpeg",
        "/assets/images/products/others/img_2.jpeg",
        "/assets/images/products/others/img_3.jpeg",
        "/assets/images/products/supreme/img_1.jpg",
        "/assets/images/products/supreme/img_2.jpg",
        "/assets/images/products/versace/img_1.jpeg",
        "/assets/images/second_plan.jpg",
        "/assets/images/testimonials/img_1.jpeg",
        "/assets/images/testimonials/img_2.jpeg",
        "/assets/images/testimonials/img_3.png",
        "/assets/images/testimonials/img_4.png",
        "/assets/images/testimonials/img_5.PNG",
        "/assets/images/third_plan.jpg",
        "/assets/images/twitter.png",
        "/assets/images/twitter@1x.svg",
        "/assets/images/twitter_blog_widget.png",
        "/assets/js/bootstrap.min.js",
        "/assets/js/jquery.min.js",
        "/assets/js/loader.js",
        "/assets/js/main.js",
        "/assets/js/popper.min.js",
        "/assets/js/wow.min.js",
        "/at.1281f451a103684e9248.svg",
        "/at.d7b3791eb6679e92a2bd.svg",
        "/au.5b98a120aeec3f5a1aeb.svg",
        "/au.932d918261bcbb88f0cc.svg",
        "/aw.98298192f432c6fc56cc.svg",
        "/aw.b478dded01c70ad2275c.svg",
        "/ax.6651bb2513bc040f7f2b.svg",
        "/ax.c260e9a581b4c4415f20.svg",
        "/az.84126238074d3c3c30b9.svg",
        "/az.d4faca473814e47b3f03.svg",
        "/ba.7097f2f878560a3debc6.svg",
        "/ba.d1e732dc96724fe02492.svg",
        "/bb.021629a6a596929b0462.svg",
        "/bb.17738ccf41cecf9d38ba.svg",
        "/bd.a3ae69dedf0b3ad8fb44.svg",
        "/bd.d16830cba55e113c5888.svg",
        "/be.410c4acc521ec3a59836.svg",
        "/be.914a3c37d1998aa1f6b0.svg",
        "/bf.4275eb85c53fe2d0f6a8.svg",
        "/bf.6fc31e160aec39c1d496.svg",
        "/bg.4f2a9bbb4c1ea18ea4dd.svg",
        "/bg.c9c13073359faec8e076.svg",
        "/bh.0cfc56195412f09f4c70.svg",
        "/bh.ec61516daebfebe2cd49.svg",
        "/bi.3fce551eeb9f82d29f76.svg",
        "/bi.5adb744e68bc13f75956.svg",
        "/bj.e8591ed7d23999de96ef.svg",
        "/bj.fb3d1c01b8a808e6fe13.svg",
        "/bl.669bbb820754f1cc0ce4.svg",
        "/bl.6a6bc7f183b774316b63.svg",
        "/bm.7dd1b92ad42d2f9d69dd.svg",
        "/bm.e2aa572a02963b087e48.svg",
        "/bn.5fd8c65274736a1b6af4.svg",
        "/bn.ad7aafa9a29894397b43.svg",
        "/bo.1155c3da4861424ea8ff.svg",
        "/bo.ee5938f07b3324e9af6d.svg",
        "/bq.6e5b96f6104d2ff9977a.svg",
        "/bq.8ff78ac28371e9069bfb.svg",
        "/br.5ec13287c2da0d77a7e7.svg",
        "/br.b3663866f502ec386f0e.svg",
        "/bs.5497678a4578b848e08d.svg",
        "/bs.a9ddb124f725485b9445.svg",
        "/bt.1372873ed65891680a2d.svg",
        "/bt.eed19cbfd0dc809d6886.svg",
        "/bv.adee14dc818c2a37dbd9.svg",
        "/bv.b789f839eda2bce4b0e3.svg",
        "/bw.0acc600b67ac7165e38c.svg",
        "/bw.8a35721e3f5ff275ace8.svg",
        "/by.da99aaa559633b439aa3.svg",
        "/by.ed1fb53394827e144c8a.svg",
        "/bz.4eb2d29f4fcc586ae3e2.svg",
        "/bz.7826f0d58900985ad312.svg",
        "/ca.102b45b24a03abdaeae6.svg",
        "/ca.d348137a99e6d528c5b7.svg",
        "/career_line@1x.ad64a248030e17efca50.svg",
        "/cc.200233c98efe5d026e98.svg",
        "/cc.27d55bfa0a8b66542f74.svg",
        "/cd.d44809aaad5d32f91a56.svg",
        "/cd.e5fd4d1225cc6c53b73d.svg",
        "/cf.617adc02abcee400496d.svg",
        "/cf.eb50c5ecfa556ddba5a7.svg",
        "/cg.440e321a39cf550b0bec.svg",
        "/cg.862f4608de0f8e9d213c.svg",
        "/ch.1113c7e9162d605ca580.svg",
        "/ch.7a52ef5e31b7f5e08a01.svg",
        "/ci.6f06682eaf98960662af.svg",
        "/ci.b1030b2b5315547c7fbe.svg",
        "/ck.65a80cb3a138985c22dc.svg",
        "/ck.d76f3968d6f25ed0bc7d.svg",
        "/cl.303f56a616afb6bae962.svg",
        "/cl.b9ff305a088060fd040a.svg",
        "/cm.0dcbc4f1fe098b1b8725.svg",
        "/cm.7578267e8568b1490427.svg",
        "/cn.7977e12a9afade492c93.svg",
        "/cn.f5a6f048eb8367343bd4.svg",
        "/co.4c87d079860a09479706.svg",
        "/co.59ec93f7d718ebed3779.svg",
        "/cr.6f2d7bb05d9edb1089ec.svg",
        "/cr.ebed46008265a3777565.svg",
        "/cu.1452c504ef675071dcdf.svg",
        "/cu.ff35f996902731bad287.svg",
        "/cv.1ddd34244b91f9c46e1d.svg",
        "/cv.434373304db5970887de.svg",
        "/cw.3fc4503762b62953af04.svg",
        "/cw.8e4cecbf86c9e4b2df3a.svg",
        "/cx.b9b5e6cd65826aab60c6.svg",
        "/cx.dda4107fd05b8081ae62.svg",
        "/cy.70de54e68d8683969410.svg",
        "/cy.bdc1fde27ba14b2afa3b.svg",
        "/cz.56021c7ff8bc43f94e04.svg",
        "/cz.955832ab87320b2312a1.svg",
        "/de.11d88d2b77e6abe5ebb1.svg",
        "/de.7e82f4c71df5fc78abbb.svg",
        "/dj.278a5a5fce9a6090ce80.svg",
        "/dj.76f4cdf5eb6411038bc5.svg",
        "/dk.c2e570fa503242ab4c3e.svg",
        "/dk.f4e8fc5376a202f1d771.svg",
        "/dm.466757644ba07a8bbf78.svg",
        "/dm.dc3455775ad035d0926c.svg",
        "/do.64a9810e7d07e3af7412.svg",
        "/do.c05850db8e87e53a1268.svg",
        "/dz.2be2fee6433a59e75c3d.svg",
        "/dz.945a413c6ba8e484b7b1.svg",
        "/ec.3ea7f906eaf807123a28.svg",
        "/ec.7be6ca137c0a396154ac.svg",
        "/ee.7b6b8abcf78cfa7f4a77.svg",
        "/ee.887a78f0eb107b3ce616.svg",
        "/eg.b3580df977ae211f31d3.svg",
        "/eg.c6ff8d6c3057865a32f1.svg",
        "/eh.8c8b27438e64065d8542.svg",
        "/eh.905fdd0842d1597c4a27.svg",
        "/er.458bc299993e856c309d.svg",
        "/er.ff62e2720daee288818f.svg",
        "/es-ca.2b2d073d58c4747e322e.svg",
        "/es-ca.a03129ff81e9f5633e75.svg",
        "/es.1a25a96e26fcca676c08.svg",
        "/es.b3825b28f7a64779d80d.svg",
        "/et.061591dd14f8c02c150f.svg",
        "/et.cbe354bb4afa8afc62da.svg",
        "/eu.1019087b8a58ac24c4ea.svg",
        "/eu.db2e50ad0bf5ecccc0ca.svg",
        "/fi.3b522e7f272eee4009b2.svg",
        "/fi.eb793b740dd4fa0f8b63.svg",
        "/fj.55dd1c6e9a323130d8e7.svg",
        "/fj.f3d86add9fe9ed672274.svg",
        "/fk.ddc6bd174c1e6603e323.svg",
        "/fk.fe8e733a5a44d9626de2.svg",
        "/fm.1579e5b6f7e79e751445.svg",
        "/fm.3bfd96ee5faa59b8017a.svg",
        "/fo.8b4db68d6e0717fe940e.svg",
        "/fo.f284df39e89f9ed508ad.svg",
        "/fr.81d43a151d8bc64145f2.svg",
        "/fr.c88df3297cffe49852ae.svg",
        "/ga.4257c8ec8a129da794b2.svg",
        "/ga.dec832634c40be902627.svg",
        "/gb-eng.1fa89df2764a3f107c34.svg",
        "/gb-eng.ebbd69accf16823ad684.svg",
        "/gb-nir.8ad03581959bce8c3da0.svg",
        "/gb-nir.f9fcc604971f0e53b88d.svg",
        "/gb-sct.4743f1b0f3ffe8d16ba5.svg",
        "/gb-sct.bea4865f11865ef56465.svg",
        "/gb-wls.77f90d8e620af4d9604d.svg",
        "/gb-wls.a69b6bb076d89808e064.svg",
        "/gb.35dbacd736781608964a.svg",
        "/gb.ba1c7f5df0dd4173c951.svg",
        "/gd.1b313417e54a6f4446ee.svg",
        "/gd.b446a44dff915db18869.svg",
        "/ge.7ccc29e2355cf25d55c5.svg",
        "/ge.98cf9dc189b05e67103c.svg",
        "/gf.695a47d62497dc584667.svg",
        "/gf.74219f32e778ea33b181.svg",
        "/gg.30f47622e942430014e8.svg",
        "/gg.6b23b5b1092e831766f9.svg",
        "/gh.286f4413bbf14d667ea8.svg",
        "/gh.d060e231aa94a98e78d9.svg",
        "/gi.345b700f04babfed53e1.svg",
        "/gi.e73af10429f00dc293ea.svg",
        "/gl.68756f324152d0ada90c.svg",
        "/gl.84ac5572fd0727fd850e.svg",
        "/gm.65c86e0a8df296521d90.svg",
        "/gm.cdfdf8bcb862134ab9fe.svg",
        "/gn.7bf7a35a82ae814ed25d.svg",
        "/gn.bf5b087387ce93eddfac.svg",
        "/gp.092b6bf958cd4a1f76c9.svg",
        "/gp.30b1d26cfe9f458611e2.svg",
        "/gq.89421f59da9e40d8cfcc.svg",
        "/gq.c2cb1adba91b64af03bc.svg",
        "/gr.c51a52c416ea428fe41f.svg",
        "/gr.e2d0116790bdfda46fb4.svg",
        "/gs.a96857cd4e8cd95734f9.svg",
        "/gs.c19adcdd5855af626a3c.svg",
        "/gt.3d87ccc4e82ef502f1dd.svg",
        "/gt.ccfc27d34052eec1eb6e.svg",
        "/gu.35820090ead0219b998c.svg",
        "/gu.459831ea94ce2f15eede.svg",
        "/gw.f29eedfe431a60cae11e.svg",
        "/gw.f647ba54d53db3f2e3a4.svg",
        "/gy.43c003e277ed5a4d0ca0.svg",
        "/gy.49a30b4ff82716f3aadd.svg",
        "/hk.5a1122079f786b82c2ed.svg",
        "/hk.c0a93c089256c99bf337.svg",
        "/hm.8b4c33d4098f83d3cddd.svg",
        "/hm.fdd5197f75474534c518.svg",
        "/hn.ebef2cd564ca07f12aa1.svg",
        "/hn.f53ee3d65d19c9dd755e.svg",
        "/hr.00a76e1b588a62b0fad9.svg",
        "/hr.f3f2e25c45a219c68654.svg",
        "/ht.3af38bff509f443ef70e.svg",
        "/ht.663996cf665e8ab764d5.svg",
        "/hu.7ae2a1f04ec537fbba4b.svg",
        "/hu.bcbd277021f4a8f5a059.svg",
        "/id.0b7fa609d99165dc5377.svg",
        "/id.e2afd171e6a62816237b.svg",
        "/ie.1b0ac4e772c2e62aef2f.svg",
        "/ie.5ecf710f14d859cbceb6.svg",
        "/il.3bc4ce048568d30c327f.svg",
        "/il.4c70e23214e9da6a56eb.svg",
        "/im.b21ce587e66db16e0428.svg",
        "/im.d637f63b68f97839a27b.svg",
        "/in.e5926cb75dcbb15638da.svg",
        "/in.e626d1bb4e16e732e1dd.svg",
        "/io.c32d7f9e59460fb90af6.svg",
        "/io.e31ca9aa9209d9b76a0b.svg",
        "/iq.5cd51d2bbb7385580434.svg",
        "/iq.e549011efede8b5ba38b.svg",
        "/ir.12e7432b428f8d631eb5.svg",
        "/ir.c945dfdfaee26ad2861c.svg",
        "/is.1842f1a952e8f0d4ca47.svg",
        "/is.2dfa14d19684fbe061e4.svg",
        "/it.290f2fec799fabdf2a85.svg",
        "/it.9938f4b9588502f93b20.svg",
        "/je.7cfaf0ba9322b9fbc96b.svg",
        "/je.cb9d6ca2be124f560822.svg",
        "/jm.6bb96bbc99218d9f84f7.svg",
        "/jm.74ccffca23e5a91356de.svg",
        "/jo.e678dae866ec74e6a939.svg",
        "/jo.f41fe7d26b69dec06fef.svg",
        "/jp.19c631c1498ba5517cd5.svg",
        "/jp.980c12c54fe225923434.svg",
        "/ke.74aaf58557811d8e79ab.svg",
        "/ke.9ea890912ffd2f80e7a3.svg",
        "/kg.1fe994c1e99757dce023.svg",
        "/kg.4ad89b3a703d225e1f6d.svg",
        "/kh.695ec7a1a39090e600d5.svg",
        "/kh.7b33804c913e2285c538.svg",
        "/ki.32000b051bb6bb9ee785.svg",
        "/ki.de100d3095b62260166f.svg",
        "/km.4c4fa2a75b7c9360ac5f.svg",
        "/km.93ef5e214ae093b8adc8.svg",
        "/kn.091a5508172f8eee28f2.svg",
        "/kn.a4e974e81853186f1522.svg",
        "/kp.2e79afa21a3e610e5551.svg",
        "/kp.8d10def41b377b1163c5.svg",
        "/kr.939387c390531d01a687.svg",
        "/kr.9406f22f1237e7e4059d.svg",
        "/kw.2dce482defe9d86d0596.svg",
        "/kw.a3a60802b9df1ea679ac.svg",
        "/ky.c311ddba04238d23214d.svg",
        "/ky.ef8e18776eff1caf6b64.svg",
        "/kz.7194851eb720d3fdb3ad.svg",
        "/kz.f528d1705766032d8237.svg",
        "/la.80cf2b55ad4d86b51967.svg",
        "/la.8d6ad26b7061bc058892.svg",
        "/lb.75479923a75562bb3dbe.svg",
        "/lb.940cc75a55e4b18f510a.svg",
        "/lc.0d361ba543e6cd2404e1.svg",
        "/lc.c6488de9494a4e151cc4.svg",
        "/li.572f90277090beca0d31.svg",
        "/li.69a1d60ca3996705d91f.svg",
        "/lk.593078c9718a2a7a20d6.svg",
        "/lk.93412c6fbb52d5bb809b.svg",
        "/loader.256694edcee760698aec.gif",
        "/lr.3a7c494b08f2d0e36a4f.svg",
        "/lr.74dcec3fec3f73e24a0a.svg",
        "/ls.0de0f907e70c37b2e86e.svg",
        "/ls.cddead61f832a10065e9.svg",
        "/lt.2ea82cfcd24756f9d718.svg",
        "/lt.4c19d3a9f8cb00a45baa.svg",
        "/lu.adc8f77e99b53bd83b54.svg",
        "/lu.b843e6436ac12254b9d2.svg",
        "/lv.2ce7f836390f846b1359.svg",
        "/lv.9a5d132cec13c3e033f0.svg",
        "/ly.0ea8dfcec5cc820043a4.svg",
        "/ly.9d867c1b9d3b76652858.svg",
        "/ma.363a4f79da72a6e74be0.svg",
        "/ma.3b79aff17ae55b760333.svg",
        "/mc.082fc1558b4cf726b613.svg",
        "/mc.a2634c60fa92f9ff20f0.svg",
        "/md.4d08e48ef4cfb7c192dc.svg",
        "/md.efdfab01385b30e73986.svg",
        "/me.0b785614513a0b99de04.svg",
        "/me.4c8b84af010134d56b90.svg",
        "/mf.2d96a80bd05aca4ef711.svg",
        "/mf.c02a78fb2738ceb5eece.svg",
        "/mg.5bdc14fe1aa439d1a0b7.svg",
        "/mg.f9101073ea57c9f7664c.svg",
        "/mh.7ec670b4d72f8a614957.svg",
        "/mh.c0b2e372c1a8cb36930e.svg",
        "/mk.31ba11ec4d4cdae74ebc.svg",
        "/mk.c370fe88a49ab3c18701.svg",
        "/ml.18083e46073cc9f5f58f.svg",
        "/ml.d11c30638f3d7b1766dc.svg",
        "/mm.6f93c6d0ec04077b61c7.svg",
        "/mm.7068544f07c5b683b67a.svg",
        "/mn.291814d605941d58335f.svg",
        "/mn.5e4557f7ed743f19592c.svg",
        "/mo.51161bb2c65f7b5c3096.svg",
        "/mo.77d75a5ceaa9580d6761.svg",
        "/mp.394b0c91d8212a6cb6db.svg",
        "/mp.b0a5ed44db6410228f23.svg",
        "/mq.09c19f656772c8f93989.svg",
        "/mq.e82d6df9e99c87fb655b.svg",
        "/mr.3642790a35ff100e55f7.svg",
        "/mr.7211bfd49f97a5ae1253.svg",
        "/ms.8f7c204278ae1cdcd35c.svg",
        "/ms.9474f8cf128ce6813e2d.svg",
        "/mt.0c23ea353ac917d9e4d4.svg",
        "/mt.c91049a111e0a4dc2611.svg",
        "/mu.97beced41b168e88e8fb.svg",
        "/mu.d7d71f034d81a7105373.svg",
        "/mv.0329f53cf8f786716fe4.svg",
        "/mv.91b2c27c9c550f558607.svg",
        "/mw.6807c4fdd0370b23d239.svg",
        "/mw.b4d805efda655aef8b6e.svg",
        "/mx.05c8d69783e68aaad2f4.svg",
        "/mx.bc63d25be57acf721e56.svg",
        "/my.0d298a9e4566332f8a84.svg",
        "/my.848fbf91865a8d191263.svg",
        "/mz.dac5f7ee4f2a02e79de2.svg",
        "/mz.dcf8977ee74002921810.svg",
        "/na.27bc2313a9535106015c.svg",
        "/na.e241f81665d5aa3bcd02.svg",
        "/nc.046cebb8a66efa64641c.svg",
        "/nc.5681de45e8340741e312.svg",
        "/ne.64f5ff142997ea42d42e.svg",
        "/ne.6fd3ccdef1a91e8be5ae.svg",
        "/nf.7a4f3d1b34fa49f5a098.svg",
        "/nf.7c3216dcabd2a393fa48.svg",
        "/ng.b69ed1e58b69dcadbf0e.svg",
        "/ng.caaf41205a6fde2a1853.svg",
        "/ni.52cfeebfb0f78f395c13.svg",
        "/ni.d30c03773b8ce5412033.svg",
        "/nl.21eb77dcfa38c6d7bb81.svg",
        "/nl.f9d570ec865ab2c1e9d4.svg",
        "/no.266dbd6fc3e66414aa3c.svg",
        "/no.6df96bb22557028a5f77.svg",
        "/np.ecc31e52fb6b958eb681.svg",
        "/np.f7885aa646996a2aa6e0.svg",
        "/nr.1f7cfffb6cb01e5215ad.svg",
        "/nr.dcf2ea3a8e5dbf8a9b80.svg",
        "/nu.770e6779515b496ac3b6.svg",
        "/nu.9deebec59d90dece17fc.svg",
        "/nz.37be84f4206a0eae405b.svg",
        "/nz.4dedf09b8933ec6f4390.svg",
        "/om.09e65f88432f6b938338.svg",
        "/om.716feea54634c16f406a.svg",
        "/owl.video.play.7f01b07148f205f6e825.png",
        "/pa.69b3b90501ccfc42beff.svg",
        "/pa.8788ab50de263793f74b.svg",
        "/pe.83c26459858b4334c435.svg",
        "/pe.9e2ec84ad461c170e9e5.svg",
        "/pf.296e94595f307817fc2b.svg",
        "/pf.fbd548e641a7199e969d.svg",
        "/pg.9ebf0bb36bfe656e7aba.svg",
        "/pg.dcb8c4ab032af81620bd.svg",
        "/ph.374bb0d60bc777e60d0f.svg",
        "/ph.596b9b66d026fa222c2d.svg",
        "/pk.0e17f31b0f156316ef20.svg",
        "/pk.8f9276eb2e7dc3eac94d.svg",
        "/pl.7ea4b5b2df865bf73b06.svg",
        "/pl.9400273de5d060652ce7.svg",
        "/pm.7582c30f04bd66a4e73c.svg",
        "/pm.c5a64f87b2370f6a2ae3.svg",
        "/pn.0911eddaa4bb5cbf54b8.svg",
        "/pn.ab7259a94ec182c05827.svg",
        "/pr.7845ecd77b3b58e3c8a5.svg",
        "/pr.836bcb814711de3da206.svg",
        "/ps.451101efffc43d2b1ae6.svg",
        "/ps.77489c5e7455703ed84f.svg",
        "/pt.5697f2973616282e4c76.svg",
        "/pt.b89a5b80ca1a71c3b96a.svg",
        "/pw.5f3d8d8e8473f6439a21.svg",
        "/pw.666cd05f03955ea01aa5.svg",
        "/py.51b0bef3321042c04717.svg",
        "/py.b19bb0ae9ad5d553a146.svg",
        "/qa.90240e607800ce7ed1bd.svg",
        "/qa.c08921ec8cdc1b1a0e8e.svg",
        "/re.7e8577e98f035e765e59.svg",
        "/re.f05b5f1673afe6db0760.svg",
        "/ro.51182fc9671cbaa10989.svg",
        "/ro.ea966c3dc0adf3d08a00.svg",
        "/rs.3b67d7bed888271edff6.svg",
        "/rs.51e6180ced2cf59fd51e.svg",
        "/ru.f1c2ba49b3ccc06ba58a.svg",
        "/ru.f760036294e1fff52a9a.svg",
        "/rw.02a8a07e06e4ae9c0122.svg",
        "/rw.26854553b660fa5e4982.svg",
        "/sa.b9a346574cdc8950dd34.svg",
        "/sa.dbdc272cb217fd407ff8.svg",
        "/sb.00988e025b134db97443.svg",
        "/sb.2c405bb603253b6e2040.svg",
        "/sc.8357ba15f90dbaaeec2a.svg",
        "/sc.9ba013463b785efeb6be.svg",
        "/sd.090d0e106e0c7fd28b23.svg",
        "/sd.cb3da007630d3b35d1ca.svg",
        "/se.4f5f456f4d5e5bdab075.svg",
        "/se.9d0641e44f1e26bfc1ce.svg",
        "/sg.9751741f84e6e5263a40.svg",
        "/sg.e6a27ad3fc2dedabca8b.svg",
        "/sh.acd7b6efcbb9ea9ca7e6.svg",
        "/sh.c5ab8c6e3ffc963e14fb.svg",
        "/si.7f576d8798a8732afa46.svg",
        "/si.d38938fcbf4ff9430856.svg",
        "/sj.4952c9a6d03f7d9caa08.svg",
        "/sj.bf11a7596686324ffe17.svg",
        "/sk.563985765998ec7428e9.svg",
        "/sk.be58e557507f14689689.svg",
        "/sl.4fd17d63688a1b300bca.svg",
        "/sl.f1772cd4436de4f4535a.svg",
        "/sm.7e23c95234800a7c7e1e.svg",
        "/sm.b57f66050d777f87e0a5.svg",
        "/sn.1ce79520b54b680dcc8e.svg",
        "/sn.a03bc309423c9052891a.svg",
        "/so.34b037a702aae22a7534.svg",
        "/so.d1a7d3e18523bf69f2eb.svg",
        "/sr.4ee190817d3b7c7862ca.svg",
        "/sr.690504905775fc1b1480.svg",
        "/ss.2ad5a2bbc138690704ad.svg",
        "/ss.e4bf9bb42bd5d25190fe.svg",
        "/st.342a4d3c791c89ec3103.svg",
        "/st.72697a87cfc011963be4.svg",
        "/sv.3bb132d79aef68d7fe41.svg",
        "/sv.f4b3314001ea3a7cf1d0.svg",
        "/sx.aafb13f61b6688f41a14.svg",
        "/sx.ce647f25cbbcdb00ed0d.svg",
        "/sy.6529aa17e46f775a3931.svg",
        "/sy.9d13beb594ee208a6864.svg",
        "/sz.5d494168348fddfa3aeb.svg",
        "/sz.d62f5eab640be40355e8.svg",
        "/tc.0d16f864a483488586df.svg",
        "/tc.f4f865830e706c26ef44.svg",
        "/td.230eddd3b5d97166b70e.svg",
        "/td.ad4b4469031fb72bd98f.svg",
        "/tf.aaea08de295f296f0bba.svg",
        "/tf.cf4959c4339d5b123093.svg",
        "/tg.4abbb52870d11bce293d.svg",
        "/tg.f97c4ebe662df8683fde.svg",
        "/th.2ca3db46e2b26412705d.svg",
        "/th.b6ade2beba225ed5f2b5.svg",
        "/tj.b32f7c017787f0d8579b.svg",
        "/tj.e97716cafb6e3b770d5b.svg",
        "/tk.54b9e3f941cb3083e2a3.svg",
        "/tk.e3d850fb9644bf50d891.svg",
        "/tl.503b7926732b784efbed.svg",
        "/tl.c7a146dc0d916983f8dd.svg",
        "/tm.442986488503d5356e80.svg",
        "/tm.6de6696b70775fd30f3b.svg",
        "/tn.6cd8c9a453cd0fc5e761.svg",
        "/tn.8b09464a7524dff3fa47.svg",
        "/to.65dda6ec6f9719bbd784.svg",
        "/to.aaa24511e1160314531a.svg",
        "/tr.2880fc8e0e28f4a11a8d.svg",
        "/tr.c3d773f3ebbea061e963.svg",
        "/tt.4252a958aa98bb3ef5f7.svg",
        "/tt.b9a6939e2ab09927d190.svg",
        "/tv.99618ffc3d126b12802f.svg",
        "/tv.c87adc622981a557f7a5.svg",
        "/tw.83324ef79fd96b77a609.svg",
        "/tw.a72a85cb06aca393b4c6.svg",
        "/twitter_blog_widget.940c005c6a56bf5d30a6.png",
        "/tz.20af2614818e325d953d.svg",
        "/tz.2218434d34c055a29fdf.svg",
        "/ua.2dd397cb920452449aca.svg",
        "/ua.67a46bf793e26237ace0.svg",
        "/ug.83f4207b3f42150d667b.svg",
        "/ug.983dd591c56af488af96.svg",
        "/um.0f5d59d436cb8d91444b.svg",
        "/um.c3e06b4d7dfec14653ce.svg",
        "/un.19c1ad320e901a90c0e3.svg",
        "/un.4c0a34afb0c02cd13b3d.svg",
        "/us.3cc0d38b3e8d93132c90.svg",
        "/us.c95087e1a852cf730acc.svg",
        "/uy.091841c8018480091fae.svg",
        "/uy.4c3f85c5401c3a3875ee.svg",
        "/uz.6e16292aee6b5262a693.svg",
        "/uz.ba79d2974850ade2d036.svg",
        "/va.555e01bd279c6bbc28c4.svg",
        "/va.6d6a5ae672030a7e351f.svg",
        "/vc.2614017538c99c0f2ea7.svg",
        "/vc.e19034240ae39be40a4c.svg",
        "/ve.125ee9246eea1cb1b662.svg",
        "/ve.b8bb0477d02228d82ffb.svg",
        "/vg.76c17dc332a16129789a.svg",
        "/vg.7bc5c83294392b4386af.svg",
        "/vi.1ae3b627580608e32c99.svg",
        "/vi.bad0002a368d6bca0956.svg",
        "/videogular.6cbfb587b23dba448c1f.svg",
        "/videogular.7b2cf1a3b74373b9bfdf.ttf",
        "/videogular.cb94a8eaf88cdf576801.eot",
        "/videogular.d6b24360bd8bd3fbdab8.woff",
        "/vn.2301f6f466f2e744e48a.svg",
        "/vn.25540177a9e64be64b71.svg",
        "/vu.25acc79729c1d8a104b6.svg",
        "/vu.87d69c1826cf7245c2d8.svg",
        "/wf.55c63880d97978216450.svg",
        "/wf.e9a373c6bcbf8ea5021f.svg",
        "/ws.81cbff3db85ab05a4ac8.svg",
        "/ws.a6817aa95b8cdf652ba6.svg",
        "/xk.12d1409638442c96c8b9.svg",
        "/xk.48269c0b55c2532ccb76.svg",
        "/ye.2289a38ef27f51f7e88a.svg",
        "/ye.f62afcddf3ac8b1dfd3e.svg",
        "/yt.5c77b04743aada260f6b.svg",
        "/yt.bf9663aea16580e485d0.svg",
        "/za.3c71a2a22271a414dd3d.svg",
        "/za.83099da26ad6804ed7a5.svg",
        "/zm.79a41234f024ca5ab0a9.svg",
        "/zm.a303f51a36999e85ed3b.svg",
        "/zw.2840e62aaca37d36b327.svg",
        "/zw.f5ceeff7d65d0b5e33b7.svg"
      ],
      "patterns": []
    }
  ],
  "dataGroups": [],
  "hashTable": {
    "/Bg_blog_right.fe95ef47d8234546fe3a.png": "f2b6b5ba74ea46f277442c223440d1da05a1a818",
    "/Team_line.7f046174de48fbcb86fa.png": "126022742d88fd99a9228da9dc36279433abfeac",
    "/ad.45026b922ec57f969a0a.svg": "3ce476ee4b4819cb35f986c31556b7b61300ee36",
    "/ad.94e810253dbc84702e9a.svg": "94dd6d94c3368174fd23eb11d38fac01f748885b",
    "/ae.23c174705b39d649ba43.svg": "2263336db92f03dfc1e89028c6dd77b4b5cf2fb2",
    "/ae.2c530f6449f3e5abd04b.svg": "1dd471823f715e5a75a0364c261b2d395926e67e",
    "/af.458ab7e0c32d14aefe33.svg": "4abbde9bf9201437d18b7a745f3cf0b210f4338b",
    "/af.867627c537fd29812532.svg": "055f31ac89c15e4cfcc44a5bc4d2051801a75655",
    "/ag.3f18bb58815f1eb37b60.svg": "05039e4725f40241aaa25df6352f71202fbb842a",
    "/ag.5929ca9ff0f160f96fb5.svg": "855ccb69b88e6e383982feb6a8cf77e963b7ca31",
    "/ai.546a12e334b3f4d8967c.svg": "0e808108499e5f26d122efadb7ce48dedc10a199",
    "/ai.c4699001b99c1638c765.svg": "a6f5613c6ac5d2ad82f72e31a3a10ac0f42c058d",
    "/al.090568ab89f9b7e68f3b.svg": "be2081df389a3ee8dce91357027e191d6abcaee0",
    "/al.3dd8853b91d6f490b4c1.svg": "4e571986a65b73acabe718d873ce4a981976c45a",
    "/am.36fc7db319e532bff785.svg": "28e57bcac18acecaffe9e2c494317e1ec1dfed3b",
    "/am.e935f82147f4d3c76c92.svg": "d74663f4da88fd673361adb127ce6714e690c6a9",
    "/ao.7ed590a16ff7642e7a85.svg": "4a7d2d2dc13c821f31365a46906f21794363a9ad",
    "/ao.ad6f3c8c3519f36b36c4.svg": "095c157b9d1fe1c48d14d5bace783fc26246b62c",
    "/aq.e3fbc5d0ce77f1c9e808.svg": "16568d979892471efc6374de3a6293d4a7cb5b95",
    "/aq.e6c275d0d4e5135fb04b.svg": "1e8ac1c1c38dec6e71b7e7cac36c320ea801302d",
    "/ar.2ff091f8773d0ea8640d.svg": "856d1a1c3ebd765306b9eb95b187875f8fe4847a",
    "/ar.5a7c09af30ea06db87f1.svg": "3703cbe7020ef5efb0525980ae896794e29e56bc",
    "/as.3b86b6876653592c0fa3.svg": "a59a6dd8ab5c1bfcc51a11aa75caebeb7e6a9d84",
    "/as.7ae00cb9d6bf497132c1.svg": "30c8427a7383ecdbe936dc9e4ff32689f0b5b75a",
    "/assets/css/animate.min.css": "29a6f54569c193ffd6116f03be3eb42359c60eb7",
    "/assets/css/style.css": "e08b3c19926a01273ea0433a0bbe079ce0621f29",
    "/assets/i18n/en.json": "3c957535345645dce7190b85eb10b39da96b2518",
    "/assets/i18n/es.json": "e3107b1f244997085aa198faaca31fb9727e10da",
    "/assets/icons/icon-128x128.png": "dae3b6ed49bdaf4327b92531d4b5b4a5d30c7532",
    "/assets/icons/icon-144x144.png": "b0bd89982e08f9bd2b642928f5391915b74799a7",
    "/assets/icons/icon-152x152.png": "7479a9477815dfd9668d60f8b3b2fba709b91310",
    "/assets/icons/icon-192x192.png": "1abd80d431a237a853ce38147d8c63752f10933b",
    "/assets/icons/icon-384x384.png": "329749cd6393768d3131ed6304c136b1ca05f2fd",
    "/assets/icons/icon-512x512.png": "559d9c4318b45a1f2b10596bbb4c960fe521dbcc",
    "/assets/icons/icon-72x72.png": "c457e56089a36952cd67156f9996bc4ce54a5ed9",
    "/assets/icons/icon-96x96.png": "3914125a4b445bf111c5627875fc190f560daa41",
    "/assets/images/Arrow_right.png": "0ed4b5bdce88deedc558ab7e74b50f34f8d9173b",
    "/assets/images/Arrow_right@1x.svg": "38b47624b3470ea6449c2045a6532e26a9e79e67",
    "/assets/images/Bg_blog_right.png": "f2b6b5ba74ea46f277442c223440d1da05a1a818",
    "/assets/images/Blog_small1.jpg": "d331c44739a743aafefe262e23e1771ebc8c9a34",
    "/assets/images/Blog_small2.jpg": "b7f82cc1c4e3ca07609f95ce7732867fcffdf03c",
    "/assets/images/Hamburger.png": "558dc838be822e63f63806cfd8626a2a7a4ba951",
    "/assets/images/Hamburger@1x.svg": "cfcb8754f43cd5779051bf8e58f3b9aa65fb7f63",
    "/assets/images/Team_line.png": "126022742d88fd99a9228da9dc36279433abfeac",
    "/assets/images/Team_line@1x.svg": "1d281ae4d28a8b7990a02d51e48c0caf16459af2",
    "/assets/images/Works1.png": "402d77c360e6759822f5934d89d3984b1de21f01",
    "/assets/images/Works2.png": "63edb44bb270aab74520ca2f1bc069747d980306",
    "/assets/images/Works3.png": "4f5bcc843cb860a1e77c7c9fb362b8b1000e522c",
    "/assets/images/Works4.png": "c20400998719f043714c469efa7fa9ddf927afa5",
    "/assets/images/arrow_left.png": "5b7608a90fe291ae5bee99d864229790849a1acd",
    "/assets/images/arrow_left@1x.svg": "aea88d0cacf71421c75efc73929641e74904ea15",
    "/assets/images/arrow_up.png": "7e62b3d7801e711fc82f05cd537393e0fd4cf362",
    "/assets/images/arrow_up@1x.svg": "d68458514d1ced80b20ed33bd65d3f0d425ba1cf",
    "/assets/images/avatar.jpg": "86b982ba9a43df6cf3cc171382f34742be20ee60",
    "/assets/images/background-section.png": "f7f5dd20c9eecd27e911cf7ae6f75721e0fba975",
    "/assets/images/behance.png": "a94c8ca647cdae04d25d3f513b8fdd61b4df3759",
    "/assets/images/behance@1x.svg": "6a545cf0ed6be3ca3ff98c87e9dc61224109d385",
    "/assets/images/bg1.jpeg": "fc311a8c577e8b7ab0ef532c092b68da322c4a30",
    "/assets/images/blog_1.jpg": "e868d4f2c35ba50202a7b21d2d7d1eda90ecce02",
    "/assets/images/blog_2.jpg": "f92c98bd4bbec645894f1ab2d46823381b36560b",
    "/assets/images/blog_3.jpg": "a3f4cf914e8501272e87e889ea55a9640df49cbb",
    "/assets/images/blog_4.jpg": "bf4f30f89076af72a8bc51189fceeb3e4cdac791",
    "/assets/images/blog_5.jpg": "70fbf923d710eb06d748402b1cc2bb43de857ba8",
    "/assets/images/blog_6.jpg": "08d844dc76d522f636a51cb14e85912af8f0b48c",
    "/assets/images/blog_sidebar_1.jpg": "de77a03fb900fe6854e34017bed8498426c01b52",
    "/assets/images/blog_sidebar_2.jpg": "c9c8e0555361b72e0ba25bdd4f31af82299b1a5a",
    "/assets/images/blog_sidebar_3.jpg": "4f6efe9c3d9a996d31fdd5e845ea916686f65982",
    "/assets/images/blog_sidebar_4.jpg": "ecd6182104fb93c34fd61e3a561403cefe657d21",
    "/assets/images/blog_sidebar_5.jpg": "eeb80b555909df922a806711aad839ae0c2909f3",
    "/assets/images/career_line.png": "b6b5087022fbac7584e32a14ed45d39e26436cb2",
    "/assets/images/career_line@1x.svg": "0cfe675492b1bd4cb02ad313166fde4436e95105",
    "/assets/images/ecommerce_plan.jpg": "a53ee8fbd43b1e1bc7d79e2c5aa00656788a99f1",
    "/assets/images/facebook.png": "f9165e3cf0524a3e52be7be59161f685e97297cf",
    "/assets/images/facebook@1x.svg": "e4bcf15de44e495c7d7c1cb3db13195634406e74",
    "/assets/images/fb.jpeg": "5fd1e9ee71d162cc8904f21c0334d292987fae82",
    "/assets/images/first_plan.jpg": "5d4c0db9a492329224b7033766260439e94cd9d9",
    "/assets/images/fourth_plan.jpg": "2c36d85f6aaa6070ac1617a5d95765542df49558",
    "/assets/images/image_1.jpeg": "f30c96873c98b663c7ac83a0195be4d6096eb80c",
    "/assets/images/image_2.jpeg": "4fc3f2c2c5937be6fb7b805e5b54529426e8755c",
    "/assets/images/image_3.jpeg": "0ceb12d8c03cbc94259f75f7c5c5b63717ea55c3",
    "/assets/images/image_4.jpeg": "10bda5f1cb9bf8cfabb418ce18798ee16209be96",
    "/assets/images/img_1.png": "312ae3f31b5fd05fcf9ef2c91f24c9d7598c7491",
    "/assets/images/img_1@2x.png": "f4881e33c5e729ebacae91ab56f8a6e989e56084",
    "/assets/images/img_2.png": "0e6ae6bb8a246155a9217d84a58b9658b0fd8323",
    "/assets/images/img_2@2x.png": "b46f0410e912384d87775b0b2cbed2db6c4d3fa4",
    "/assets/images/img_3.png": "bf1c09065d15fb640843b59df7e60b6bda3eb441",
    "/assets/images/img_4.png": "6223b3e9ae4d43cf39c126c49c55878c76f5085a",
    "/assets/images/img_5.png": "b1f03cdaf7d233decf1bf7e9d0fc87aafa87cb2f",
    "/assets/images/linkedin.png": "54b0a63d625ad68c59c31f3eda1de5203d709567",
    "/assets/images/linkedin@1x.svg": "5a900681ed36b96686f5158d9136ff82d0bcc7c8",
    "/assets/images/loader.gif": "cf4506af364d28b9f313d4218190736ed200a0e1",
    "/assets/images/logo-1.png": "3c0359041bcda9b2445e8f74cab290fa5ee04e40",
    "/assets/images/logo-black.png": "61705601cc2b084a636b8b7fc6a23c6b6f2e0bb9",
    "/assets/images/logo-letras.svg": "b05abdd882decf328369bc024c7acf9962486936",
    "/assets/images/logo-money.png": "fdb22d733daf207851e92616816c01f52d7ada0e",
    "/assets/images/logo-paypal.png": "c61c7c2e6eaa63f0750125523a47daadbabad0ed",
    "/assets/images/logo-transfer.png": "3b2f473ea665e681621efaaf0e77e000c3cfd3af",
    "/assets/images/logo-wu.png": "08928a34ca412ee68c2592f1c8048e6895efbb7c",
    "/assets/images/logo-zelle.png": "1fa7f933479c7814dd9405dca0429ecab3f49170",
    "/assets/images/logo.bak.svg": "b42f8f2e9da1694bb97e06838682e41ce6afa238",
    "/assets/images/logo.png": "06dcf95206685eb2a5866656a5a65ab6ce8d6f64",
    "/assets/images/logo.svg": "1050a39336c51d7892620f70b40811d29dcad555",
    "/assets/images/logo@2x.png": "0a3ac55b83ed0bbf74090df6f54a4992ff31da54",
    "/assets/images/logo_letras_blancas.png": "7ffc4c3162e48cd2a4569c2f8f8b06bf1044da76",
    "/assets/images/logo_white.svg": "a3e24f8b43e18500ff8ca2356510489fe2347893",
    "/assets/images/logo_white@2x.png": "5ba3f2a4ce38c10b995b1f12d13297f05b320c6a",
    "/assets/images/medium.png": "94e7bc109d8583402ebc80b22331224d9542e58f",
    "/assets/images/medium@1x.svg": "e304dfdd629136b7fffa575f99bce8f88cba1f87",
    "/assets/images/plan-1.json": "43272922b95afdf5940b753b9fa43f3d641b7299",
    "/assets/images/products/adidas/img_1.jpeg": "21b6e507dd26bfe55ebf89bd8981a719d46e6ddc",
    "/assets/images/products/adidas/img_2.jpeg": "7280ed16220656dfa1567387ba59092c644d48ce",
    "/assets/images/products/adidas/img_3.jpeg": "266f187c08f81cacf0834fe096bfc01403688a79",
    "/assets/images/products/adidas/img_4.jpeg": "3c2910d575284d59f92dbf0481f36f547d3ffb03",
    "/assets/images/products/adidas/img_5.jpeg": "85c65e875acdd4c4d868cad494684e5c61fb79c9",
    "/assets/images/products/adidas/img_6.jpeg": "ef940a659c279123baf9721a88e8e51538e7bd44",
    "/assets/images/products/adidas/img_7.jpeg": "2355e9d181ca05d1c03b098c46bb3ef0538c35dd",
    "/assets/images/products/balenciaga/img_1.jpg": "c723cf5aafb0f95e9537d3ed96c7e9cbb43c4d2c",
    "/assets/images/products/burberry/img_1.jpg": "d304dbb906dfaa6ecd8ad1f6f364655a2b736046",
    "/assets/images/products/burberry/img_2.jpg": "64179c97434f1f733e8c0bb26452e717bb448c4e",
    "/assets/images/products/givenchy/img_1.jpg": "cacd221dcec16d29691ee3b74169ccdd1b316213",
    "/assets/images/products/gucci/img_1.jpg": "902d2501298cbe4879c48c2ae015c8f39e8c0ca0",
    "/assets/images/products/gucci/img_2.jpg": "ce814340a3058337e37527a05d50c4aa01ac70cb",
    "/assets/images/products/gucci/img_3.jpeg": "a7f6bddb823f9c2c7173d0f87596a6044048c770",
    "/assets/images/products/louis_vuitton/img_1.jpg": "64ac7a5d3843125b1593f246dfa1bc7a7a5221e5",
    "/assets/images/products/louis_vuitton/img_2.jpg": "beb7dd87fea6ae66023d9ecea7bed1cd49096a03",
    "/assets/images/products/louis_vuitton/img_3.jpg": "550a1aa9a9fda154e7795d0f0740104b79e7af5d",
    "/assets/images/products/louis_vuitton/img_4.jpg": "93233a9ca16fe156c7e3bc3bfacf7987954a3797",
    "/assets/images/products/louis_vuitton/img_5.jpeg": "aa9725c2b7882de97cfffbd168c7621b35c28edc",
    "/assets/images/products/louis_vuitton/img_6.jpeg": "c49c012d9a5c38125dfd6f16cabe4f421499a3af",
    "/assets/images/products/louis_vuitton/img_7.jpeg": "eafe1f1e336de7858d61982d3f90ee27659adba0",
    "/assets/images/products/nike/img_1.jpeg": "72f6a4ade60aeb6d2c1dc5d7b7ccde81067b43a9",
    "/assets/images/products/nike/img_2.jpg": "2b163d268332f5792f6f96eb91a0c24dcc411c7f",
    "/assets/images/products/nike/img_3.jpeg": "90cd14aed7eca8590cf50be539ad76c7ef827a28",
    "/assets/images/products/others/img_1.jpeg": "af123edb3477ade4520e1a7be3c8bf462a961ce4",
    "/assets/images/products/others/img_2.jpeg": "e51f3656cd9a561d3511aceeba34f513fea0f3fb",
    "/assets/images/products/others/img_3.jpeg": "99cd25a49c5edb47c280f643ef4627b4d128e6d7",
    "/assets/images/products/supreme/img_1.jpg": "18759d4df141724361661e4c3a6cd484e3422b4a",
    "/assets/images/products/supreme/img_2.jpg": "6a76e09a2598fb916a1e9c8977537535ae36c9fc",
    "/assets/images/products/versace/img_1.jpeg": "bdc7b523589471b4c88c329e5e802cc39822f6c4",
    "/assets/images/second_plan.jpg": "b16c6ebe468018bfba9254d68efbb791a4446d08",
    "/assets/images/testimonials/img_1.jpeg": "3c05f5915cc920ed1e565ff13976e9b1dfacc6ac",
    "/assets/images/testimonials/img_2.jpeg": "96239e304cc73036c0c0852ff4cb874dcc34cdb5",
    "/assets/images/testimonials/img_3.png": "a246b236a8e15d7fffd089805598a82a8a36db74",
    "/assets/images/testimonials/img_4.png": "b1538699ea466c876609c6a61511f695d77df09c",
    "/assets/images/testimonials/img_5.PNG": "255cd0c50fe3b6ca037527419a075acd77b86503",
    "/assets/images/third_plan.jpg": "af74d7d83de8e09819ff8035b793ab115e92f178",
    "/assets/images/twitter.png": "0793d54a9954c79d1d198308b09a63641f782388",
    "/assets/images/twitter@1x.svg": "a9314421eaa4961c57ef24c1f3afaf28f1b11293",
    "/assets/images/twitter_blog_widget.png": "900f4d3bd42bb6da9833e5020f5303f1314680b7",
    "/assets/js/bootstrap.min.js": "b3c116c65e6f053aaab45e5619a78ec00271a50f",
    "/assets/js/jquery.min.js": "88523924351bac0b5d560fe0c5781e2556e7693d",
    "/assets/js/loader.js": "f9fd5530222cf5743637cb67ff9e604e214168a6",
    "/assets/js/main.js": "3c833487084fa0fc123900049ab26f71e752960d",
    "/assets/js/popper.min.js": "313789ca0e31b654784dbba8b0f83f364f8683b4",
    "/assets/js/wow.min.js": "dfd8c0ad2927af63bd88984f1697d048b83eb41e",
    "/at.1281f451a103684e9248.svg": "ffe61862fed53e47d3e781b35e09df295034d07d",
    "/at.d7b3791eb6679e92a2bd.svg": "d9506b0bf49c68da201695c3714f0ad2ac7bbbff",
    "/au.5b98a120aeec3f5a1aeb.svg": "c613785b484c09f81043e084377516b824105c3e",
    "/au.932d918261bcbb88f0cc.svg": "88b3a19b6b7a5eddc79e88bdf2653aef987a45f2",
    "/aw.98298192f432c6fc56cc.svg": "9e6f16066ecf4be44b1977c433111e3753ca5d65",
    "/aw.b478dded01c70ad2275c.svg": "ff8d722fe6bc99c66d8d82795c9da2344602ef28",
    "/ax.6651bb2513bc040f7f2b.svg": "a3aa85b7918410c56fd8eb47d0d7e1979688e35f",
    "/ax.c260e9a581b4c4415f20.svg": "d059335ae73f4081f4395807a64c794d6d888b88",
    "/az.84126238074d3c3c30b9.svg": "0c3f0cdda9656a156e0bdef39cdb6c6e947c5330",
    "/az.d4faca473814e47b3f03.svg": "aba06655dfd60735a4600c5885bd8ee4b03b86cc",
    "/ba.7097f2f878560a3debc6.svg": "f154315b5d60139500aaf931ddef2400ec4c36ad",
    "/ba.d1e732dc96724fe02492.svg": "156d236ef7995e15d3133627927d9bb68b4c3f1f",
    "/bb.021629a6a596929b0462.svg": "43f7c6e92b0edc2c676de7cd33771ae56a1bdbe0",
    "/bb.17738ccf41cecf9d38ba.svg": "7edf689e1518c2802c2a89480242180ef3d94f80",
    "/bd.a3ae69dedf0b3ad8fb44.svg": "c8b886b0b05e5cf0d6616bf5df5f140c23a1d4c2",
    "/bd.d16830cba55e113c5888.svg": "a708f46cad5a970d257c2a7d760edab2547673c0",
    "/be.410c4acc521ec3a59836.svg": "bd2119d21e53ce9cefadc22f06f16b61ae3e16a6",
    "/be.914a3c37d1998aa1f6b0.svg": "8ae468a4191a85b058ec5c305805206753468998",
    "/bf.4275eb85c53fe2d0f6a8.svg": "4e3f29b3026405347fab559d9c4edfc343f6a820",
    "/bf.6fc31e160aec39c1d496.svg": "661dbae0b1b1e0f7139966893eced2d0cbfd2171",
    "/bg.4f2a9bbb4c1ea18ea4dd.svg": "68d533b32d3ac89dda602861b5a4b00ae5cf15e5",
    "/bg.c9c13073359faec8e076.svg": "9bdb7db4aca057e8af0cd8c5fcea1b81919b240c",
    "/bh.0cfc56195412f09f4c70.svg": "24fcfe81c9d31145df1fb108bdaf338d02df5f17",
    "/bh.ec61516daebfebe2cd49.svg": "63e699fedeea94cac94f179cee292baef2174c2a",
    "/bi.3fce551eeb9f82d29f76.svg": "9e64ad2071cabc5940d99d95780feb2a92833e58",
    "/bi.5adb744e68bc13f75956.svg": "4946989fb32e475fbb33997b100970b87c5a264c",
    "/bj.e8591ed7d23999de96ef.svg": "33be1f8a6022a3263465209d0eb3306f6aa17059",
    "/bj.fb3d1c01b8a808e6fe13.svg": "30c1d641cf611e805124333563947016feca2bde",
    "/bl.669bbb820754f1cc0ce4.svg": "abc8c5d2c55554634e224e5a8c6e9387968e70d5",
    "/bl.6a6bc7f183b774316b63.svg": "6d953ca2bb0f2a1a7dc429d363eefb43b4ac2e5c",
    "/bm.7dd1b92ad42d2f9d69dd.svg": "7c90ed3ee0db35239b517057a67ac0dfd74feabe",
    "/bm.e2aa572a02963b087e48.svg": "fecc7ee4457930e920552b1b7c7de38ae56ba8c6",
    "/bn.5fd8c65274736a1b6af4.svg": "73af25156790318b1d68f7e0593224bff4d29049",
    "/bn.ad7aafa9a29894397b43.svg": "61e1c0225c5b18e5f76cdb69c9d4f110bf7dc6bf",
    "/bo.1155c3da4861424ea8ff.svg": "09a93399fb71c8695661304ed92f7a92bdc4b96b",
    "/bo.ee5938f07b3324e9af6d.svg": "a8fc5b832a40111f723f0040c9784c283d9f8ada",
    "/bq.6e5b96f6104d2ff9977a.svg": "bf446c3c995e39f221ed013bcc49c3c5aed77e39",
    "/bq.8ff78ac28371e9069bfb.svg": "38c283e8787cc684b0589a209a205fc1b400f8f0",
    "/br.5ec13287c2da0d77a7e7.svg": "27f6ca5c6b33941a063cfd5d2c9825b4308cec13",
    "/br.b3663866f502ec386f0e.svg": "48978a3e79b5ddd9f1821d1aa425f3bcb74380c1",
    "/bs.5497678a4578b848e08d.svg": "690d7125c388e4bcf9944c8b53f78c0e55400afe",
    "/bs.a9ddb124f725485b9445.svg": "72fa93338474b73727a4d70b0c643da5286a38f8",
    "/bt.1372873ed65891680a2d.svg": "691e92d3d094beb1c40aa69004e4ec0a113a7c01",
    "/bt.eed19cbfd0dc809d6886.svg": "5a7974452d2a03ba07a9fe977b8182a15478b132",
    "/bv.adee14dc818c2a37dbd9.svg": "37ee837019883757c3369504a3064b4b3cf79cbb",
    "/bv.b789f839eda2bce4b0e3.svg": "0182bb0312bb8d1860894da1d461cb050b33a8e7",
    "/bw.0acc600b67ac7165e38c.svg": "37c837efcc39cb8f9209e4d3cd0d2019c147e776",
    "/bw.8a35721e3f5ff275ace8.svg": "22bd19f5ae73f65f3d47055ef23206d5be0c3027",
    "/by.da99aaa559633b439aa3.svg": "1389e00c31f974198f6df2b5e4c68232f7018ebe",
    "/by.ed1fb53394827e144c8a.svg": "6af250d5be9d1dd7626e938ab4d2e73040984df9",
    "/bz.4eb2d29f4fcc586ae3e2.svg": "3c6d2a3510bee76e814bac83b6b6d33a63344391",
    "/bz.7826f0d58900985ad312.svg": "1ee028e588f79d71b3ca9d8737366f3455725de6",
    "/ca.102b45b24a03abdaeae6.svg": "3781d88c511fdb79482bb27f18528add33585b3c",
    "/ca.d348137a99e6d528c5b7.svg": "42203fb32bd243cc45e8dcea884881c9f1889cc4",
    "/career_line@1x.ad64a248030e17efca50.svg": "0cfe675492b1bd4cb02ad313166fde4436e95105",
    "/cc.200233c98efe5d026e98.svg": "f4661eb07097e0e5581c13ac7f3852c1cda055c1",
    "/cc.27d55bfa0a8b66542f74.svg": "9babf019d225e2488795f36aaa03fdffafb07e2a",
    "/cd.d44809aaad5d32f91a56.svg": "895812a8a36965adca8dae924074fd70c14e393c",
    "/cd.e5fd4d1225cc6c53b73d.svg": "332fedcf4bdc3ecfcf6e2440bac9c87c28846ea7",
    "/cf.617adc02abcee400496d.svg": "cb8bad15edf952cb45039044b08df16b87052229",
    "/cf.eb50c5ecfa556ddba5a7.svg": "28f3d05f696df6c28e477dfc2137c2fe1afa9400",
    "/cg.440e321a39cf550b0bec.svg": "3f3315487ddae1239055390fccc6a985db0736ad",
    "/cg.862f4608de0f8e9d213c.svg": "db8447e823b8f8eb8f01edc87742ef778783d9e7",
    "/ch.1113c7e9162d605ca580.svg": "d5d191f52d9d59b9fe632dcbbfdfdcd303b5e34d",
    "/ch.7a52ef5e31b7f5e08a01.svg": "746d6537ee9743ea7706527f599b543aa270768e",
    "/ci.6f06682eaf98960662af.svg": "f3e73fb574d5dea835e29af45d0ea5ecefcc5887",
    "/ci.b1030b2b5315547c7fbe.svg": "ebe5191c31fab802611bc79300e03b7da79b0164",
    "/ck.65a80cb3a138985c22dc.svg": "c0d7c82897fd3b93edd5f94a3701af9276ad5f14",
    "/ck.d76f3968d6f25ed0bc7d.svg": "cff3f45f53852487b902edd1b3bee634c2cdad81",
    "/cl.303f56a616afb6bae962.svg": "982e1649e2a6ca1cc90083d18b2fd379ad445058",
    "/cl.b9ff305a088060fd040a.svg": "af42ef3e8c67c40e43c926415c893618db004136",
    "/cm.0dcbc4f1fe098b1b8725.svg": "3820fc79945cdb435cbf17e0fdc4439c28ad766d",
    "/cm.7578267e8568b1490427.svg": "85bcacd8d0f1e960668eab28879f2f8a33b6a7df",
    "/cn.7977e12a9afade492c93.svg": "a5abb0bbee89e84c16dbdc42703a7992c41ebb41",
    "/cn.f5a6f048eb8367343bd4.svg": "794e99ff287ab806a4336321bdede8590bfbf098",
    "/co.4c87d079860a09479706.svg": "560a1c1c7964e2865571979ac48d4d16a26612b6",
    "/co.59ec93f7d718ebed3779.svg": "cc3651f28fefa78366469787a35c1abbfccd0ae4",
    "/cr.6f2d7bb05d9edb1089ec.svg": "acc7c61a910b75de4970d54b684b0560cd833a16",
    "/cr.ebed46008265a3777565.svg": "2916bded9016c4ff9afe9bf9003372b51e2b87be",
    "/cu.1452c504ef675071dcdf.svg": "b366f71d49dfe94a880f5a81bf5fd8800e5bf454",
    "/cu.ff35f996902731bad287.svg": "abe3f3a8a773182988f17ced3e162928e2991041",
    "/cv.1ddd34244b91f9c46e1d.svg": "32340cfd200da3339facd5eb6a5db479507596cc",
    "/cv.434373304db5970887de.svg": "ff8a46ec77ece258522716ac87355e41f8f5b3bf",
    "/cw.3fc4503762b62953af04.svg": "cdd807ad82df4a5fd7a5b2e5b7134b805e5e13dc",
    "/cw.8e4cecbf86c9e4b2df3a.svg": "44bca743cbdc97703a4cbb1934c97fd1f01b63d1",
    "/cx.b9b5e6cd65826aab60c6.svg": "adb35f67044190466b3855189af19505bb8ce5cd",
    "/cx.dda4107fd05b8081ae62.svg": "b11dc754ef970470653e197867463c550f8da653",
    "/cy.70de54e68d8683969410.svg": "722ceb096c8e1afd3969cc323573c94146673b24",
    "/cy.bdc1fde27ba14b2afa3b.svg": "df7fd9a6da8c165019a528ee718accf997dee9eb",
    "/cz.56021c7ff8bc43f94e04.svg": "2a82164d702e7f3bd3c20161ab810de3a3ff82e9",
    "/cz.955832ab87320b2312a1.svg": "9f1ace84622e5233ccffa14ea3d155e3bd303a44",
    "/de.11d88d2b77e6abe5ebb1.svg": "b1eadd2c21b10e1a13c8b44b742618c576024021",
    "/de.7e82f4c71df5fc78abbb.svg": "d43327d97b3e75fd3bd8d8e0103ef182c2f4c93d",
    "/dj.278a5a5fce9a6090ce80.svg": "1881afd70344fad5eed0209f133d87e1362f355d",
    "/dj.76f4cdf5eb6411038bc5.svg": "aa7de4db63544a642b112e667dd68377c4562d6f",
    "/dk.c2e570fa503242ab4c3e.svg": "e296601b5f61ff36e2c3d6bff51d7beec9221607",
    "/dk.f4e8fc5376a202f1d771.svg": "09f1f83e730b5c4a713f387a0a9f1c1de448bf09",
    "/dm.466757644ba07a8bbf78.svg": "6a6b858f185d8f658bc0ac49d03326f120fdab4e",
    "/dm.dc3455775ad035d0926c.svg": "f66c4516fc1fc0553bff967912fa67affb9df8b8",
    "/do.64a9810e7d07e3af7412.svg": "4eaa4c6e175d693cb5777128f6ba3e2068e65bf1",
    "/do.c05850db8e87e53a1268.svg": "4ed437d5cde601bb0bfe276c0c5ac8e88cc411cf",
    "/dz.2be2fee6433a59e75c3d.svg": "040dc8bd97cb102abccb8ded876e64e2cdd43146",
    "/dz.945a413c6ba8e484b7b1.svg": "1b6fbba757a28fae578aa8936618020fd0b88986",
    "/ec.3ea7f906eaf807123a28.svg": "c94b1d40c26afca7784e6aefe34756f7066e534b",
    "/ec.7be6ca137c0a396154ac.svg": "b121d7dfaf5173ea6ac33ab678122197a88abe47",
    "/ee.7b6b8abcf78cfa7f4a77.svg": "af83dc9be813f0920d57833d0e2bd713e844b511",
    "/ee.887a78f0eb107b3ce616.svg": "3b7ff6c44c18693ae3abf61ce4f2ac652d7398c0",
    "/eg.b3580df977ae211f31d3.svg": "f64bc4f37144e93d1680f072b0924badfba82588",
    "/eg.c6ff8d6c3057865a32f1.svg": "db95ff7f05df9d8b1d338ab983e7071d4c3dc003",
    "/eh.8c8b27438e64065d8542.svg": "a53614b47762810cbb3cec9200be18eb00bc151d",
    "/eh.905fdd0842d1597c4a27.svg": "a288687aaff40ad7b3a8337cfcbf4bcbff51b164",
    "/er.458bc299993e856c309d.svg": "67b8b490442e4cdbd6ad70fc66f9bc39102c2a85",
    "/er.ff62e2720daee288818f.svg": "dba38dcf1ab3d5ad8a71a91f35c19c44f98b8ccd",
    "/es-ca.2b2d073d58c4747e322e.svg": "bd8db2905cbdde482577edc8a5c7c8b8e0a86f4b",
    "/es-ca.a03129ff81e9f5633e75.svg": "b615c23d68bb62b5ff274fb0e6075ad5a4e3cb4e",
    "/es.1a25a96e26fcca676c08.svg": "ca76a86214554c7540cd3c98d8ceb2d2e22b6238",
    "/es.b3825b28f7a64779d80d.svg": "1f9d1c6f59c6b051634db5aefc2da3900373ca9f",
    "/et.061591dd14f8c02c150f.svg": "28d9b0a1600600c26c649004aa2bd60a9fc2de2c",
    "/et.cbe354bb4afa8afc62da.svg": "fe61eb4aedba151c65c50d39acebcd10d0ddca1b",
    "/eu.1019087b8a58ac24c4ea.svg": "d10858345db10c9ba712f2547c7754f8dd1843c7",
    "/eu.db2e50ad0bf5ecccc0ca.svg": "bd5919a86b6e8b80abfdc35bde3de511fd7608b0",
    "/favicon.ico": "565ebb4b1bca24944f315104f52856ec6ceee19e",
    "/fi.3b522e7f272eee4009b2.svg": "9da0a853169185d034eb5b3765a09c2adb4b71b4",
    "/fi.eb793b740dd4fa0f8b63.svg": "4c2c50447dd41ac882df665516f38349f5347448",
    "/fj.55dd1c6e9a323130d8e7.svg": "cb7ead077297dc6a872007ce0ad19b69cc969c2e",
    "/fj.f3d86add9fe9ed672274.svg": "0b216c0de57f7befa0681fa83fca8e25d7b68e85",
    "/fk.ddc6bd174c1e6603e323.svg": "3e3eb94bf2f45d33f639984789cb289bda244736",
    "/fk.fe8e733a5a44d9626de2.svg": "4cdd3ee388f5d719e98f7034421d2ee29a01cebb",
    "/fm.1579e5b6f7e79e751445.svg": "ff1409c41f80346efe1ef7c0c2d0b9825b289fa5",
    "/fm.3bfd96ee5faa59b8017a.svg": "842bd408b810f3f2cfbfa1a9fd4d0c5670959008",
    "/fo.8b4db68d6e0717fe940e.svg": "2b3c15beed61c81a6a2340db80d482be86c0e347",
    "/fo.f284df39e89f9ed508ad.svg": "4701656acc0b1baaf2bd6537e20f86bab4420609",
    "/fr.81d43a151d8bc64145f2.svg": "e3deb99b897e85df223b6d5d63628ea6d9c762c1",
    "/fr.c88df3297cffe49852ae.svg": "0324f7ecd7279beaac142a037cc30759fdddb502",
    "/ga.4257c8ec8a129da794b2.svg": "d79a7575e0f50fb55e0aea75fa7eaadb5192109c",
    "/ga.dec832634c40be902627.svg": "0cc760779d47741e82e23bdaff973c44aab602fd",
    "/gb-eng.1fa89df2764a3f107c34.svg": "d3d0546d4f72bb12d7e0f869b3d568a4704498fa",
    "/gb-eng.ebbd69accf16823ad684.svg": "9f4a7abd69d931449be9448edc7897f5736d61d9",
    "/gb-nir.8ad03581959bce8c3da0.svg": "69cfb71669bd33be063684d956489e15de845e8a",
    "/gb-nir.f9fcc604971f0e53b88d.svg": "123f991aedecaf7c232485f30bbe84603bb63477",
    "/gb-sct.4743f1b0f3ffe8d16ba5.svg": "be23a52505a54157c1ebddbea929354be6b43515",
    "/gb-sct.bea4865f11865ef56465.svg": "d8b15cf4867258c933e0b5c141ee9cf550391301",
    "/gb-wls.77f90d8e620af4d9604d.svg": "fe2f1c888aa563a9dc5b41bce8142a7441b4b90b",
    "/gb-wls.a69b6bb076d89808e064.svg": "a24ae984a1ad4c4c230b08ee754140f38ef80b1c",
    "/gb.35dbacd736781608964a.svg": "1c6c2da2e7e1938317a892ffe7832f2ec4f89186",
    "/gb.ba1c7f5df0dd4173c951.svg": "2b5148a18b90f933e47bf895c26d61a52d21d9d8",
    "/gd.1b313417e54a6f4446ee.svg": "89db412a7a16a8b0c2d423d3c6fddb1d29e26588",
    "/gd.b446a44dff915db18869.svg": "810253a1a6c482bf085c9654ac1b60a0dcdb9a09",
    "/ge.7ccc29e2355cf25d55c5.svg": "40d30a42cfa20dc724da023705b717ab5758c6bd",
    "/ge.98cf9dc189b05e67103c.svg": "9d4c1aad4240b915742de206f9053babe327e46c",
    "/gf.695a47d62497dc584667.svg": "fe2abd9c1fc6dd44057d836adfef3a9bf5f27ded",
    "/gf.74219f32e778ea33b181.svg": "7edf9ef8779921d1268ccd30c99d6b826c9a33e6",
    "/gg.30f47622e942430014e8.svg": "bdeb77f4beedeb93ab1f4e3770fde97ddcd226d8",
    "/gg.6b23b5b1092e831766f9.svg": "42b1e787e1ef1b38e346133902f9daaad9c23805",
    "/gh.286f4413bbf14d667ea8.svg": "bc3aff43ced39cc3116ddeb24aff0c3aadcd12e0",
    "/gh.d060e231aa94a98e78d9.svg": "e74aea5c0e7516b42d25fd6ae1dc05813fb8f211",
    "/gi.345b700f04babfed53e1.svg": "34d5a8fda691af9ebfdb68d4513fab003ba16270",
    "/gi.e73af10429f00dc293ea.svg": "037b6c3fcc3ab98d37fcb50c27db4ac4e4617cb7",
    "/gl.68756f324152d0ada90c.svg": "0197c236d2e9c4c83a5db04fc83491c022e3f99b",
    "/gl.84ac5572fd0727fd850e.svg": "787b3743cd415fc8ff7f2442a0a231b94f564bbc",
    "/gm.65c86e0a8df296521d90.svg": "c703ec346aec571db2d0cf3a42a326d306ebc03b",
    "/gm.cdfdf8bcb862134ab9fe.svg": "c81ad39f32947bbfa9a0c29baab71331a66a09a7",
    "/gn.7bf7a35a82ae814ed25d.svg": "408b668ce893d17608b950ee0a9d6c44d9a97ba9",
    "/gn.bf5b087387ce93eddfac.svg": "6f84477bf59423a14768cae93849eafe0bfcac1c",
    "/gp.092b6bf958cd4a1f76c9.svg": "a56ae0910fd4b5fda3f64ba9fee2d796ca040a17",
    "/gp.30b1d26cfe9f458611e2.svg": "657c06afeb5f16063e1883307d14cb2be4064137",
    "/gq.89421f59da9e40d8cfcc.svg": "9ba421c7ea7b746ec7bae6370ea2b291d1c6564e",
    "/gq.c2cb1adba91b64af03bc.svg": "918d50dab0d1e734e68a79a5feca42f4c0662897",
    "/gr.c51a52c416ea428fe41f.svg": "1962066d7bd840227e8a873c7d8faf4204f36219",
    "/gr.e2d0116790bdfda46fb4.svg": "089f136bd0018908c578035b99c086203cad4bc9",
    "/gs.a96857cd4e8cd95734f9.svg": "16d0d6e28ebb12e34346585500ca26b75599eb29",
    "/gs.c19adcdd5855af626a3c.svg": "f247197035b7cbc920eba74c054de8603da0df32",
    "/gt.3d87ccc4e82ef502f1dd.svg": "6f138d5d9905ad6b69d004ada57061b5c7e8e7e4",
    "/gt.ccfc27d34052eec1eb6e.svg": "27fb94a3a9e1086283cd85e8c18a1775e906f73c",
    "/gu.35820090ead0219b998c.svg": "14270344a098e5375da2bb3e114c7d7be772a2be",
    "/gu.459831ea94ce2f15eede.svg": "76b03fc958dcf94a5fff2dfa174890e90f70fbbb",
    "/gw.f29eedfe431a60cae11e.svg": "2c00ecf4398e4b5a0afbf812e97d5aae1884b519",
    "/gw.f647ba54d53db3f2e3a4.svg": "06af59552005d38db426ed9738c7c30226c10bf9",
    "/gy.43c003e277ed5a4d0ca0.svg": "4327ea88b250e34238b7514fb64f2c4dbc0ec741",
    "/gy.49a30b4ff82716f3aadd.svg": "b9fe045fe144c29b7c1e5fbfa78d7be3b7807478",
    "/hk.5a1122079f786b82c2ed.svg": "a64b8df37819c449fdcc38b1194bee36b4f9223d",
    "/hk.c0a93c089256c99bf337.svg": "ba47d24096ddb2983aba79cf5009de49277e031b",
    "/hm.8b4c33d4098f83d3cddd.svg": "7ee8e748ed16237ca8513e6ae792392c6852e5b3",
    "/hm.fdd5197f75474534c518.svg": "674640d439e8a5075b37324f916d1dee4eb4f171",
    "/hn.ebef2cd564ca07f12aa1.svg": "65596d2d34e88c5745ae0d433efb53c6bb7ceb48",
    "/hn.f53ee3d65d19c9dd755e.svg": "8a093efd93c285a7ca8395a82c1445ece0efe4e2",
    "/hr.00a76e1b588a62b0fad9.svg": "b76aedd890762ce35de509c82d6d88acb7dda4d9",
    "/hr.f3f2e25c45a219c68654.svg": "c202544fbe1c4410e0991c3a83918cda3ff4102c",
    "/ht.3af38bff509f443ef70e.svg": "0459a4cf0504f1250ff447aae2144a3b0aa9d9c4",
    "/ht.663996cf665e8ab764d5.svg": "06288ea439b9b6f8f49dec7916f8a6ab4ee09c2a",
    "/hu.7ae2a1f04ec537fbba4b.svg": "33c13527e4573859cb4b957165955bae9db64d65",
    "/hu.bcbd277021f4a8f5a059.svg": "2e256749e2761d8ede6fda4dac8ed4d2b7bd782b",
    "/id.0b7fa609d99165dc5377.svg": "45613eeabaaa9b5523d527c9c7b7082e0eb0859e",
    "/id.e2afd171e6a62816237b.svg": "6448be8ab015c73ca4f781c09a07ca1654f0927c",
    "/ie.1b0ac4e772c2e62aef2f.svg": "6e72b777904fea095abf423140dae0966604f8da",
    "/ie.5ecf710f14d859cbceb6.svg": "cf0c61bf509a7da136bef510e9dbb15215fa06b9",
    "/il.3bc4ce048568d30c327f.svg": "3f6fce5800cab7bcceb09f633f1f7a6deb304275",
    "/il.4c70e23214e9da6a56eb.svg": "7bc65fb3c84a6ec401c8acf6638b8983e848e5e4",
    "/im.b21ce587e66db16e0428.svg": "1fa708f1c3f24e7e55a99ec0cd55bfe0cdc5381d",
    "/im.d637f63b68f97839a27b.svg": "78e5ea82f07f88f224f339b485af07bc44c583a3",
    "/in.e5926cb75dcbb15638da.svg": "50e700ea860843e9996ebf98923925904e0cf1a4",
    "/in.e626d1bb4e16e732e1dd.svg": "8227e6a26db90382b3b07a416a49d995b35f994e",
    "/index.html": "be0fcec732d1e6c152d6d9d90e8495c83fd88e17",
    "/io.c32d7f9e59460fb90af6.svg": "cbcd340414b4ec629dfae1c6ac184c69a3a6c089",
    "/io.e31ca9aa9209d9b76a0b.svg": "3e5ea171a8a04b83f64dd1d534a524ea9cff964f",
    "/iq.5cd51d2bbb7385580434.svg": "f3a6b6b79968ede16e095f2e0709104213d90b66",
    "/iq.e549011efede8b5ba38b.svg": "0085357d0e63b558fcd6084add3c3e166f9130cc",
    "/ir.12e7432b428f8d631eb5.svg": "d6e865da6631afd68c3eddb6183d4a723757f184",
    "/ir.c945dfdfaee26ad2861c.svg": "96bd9b0b3bdc0092a92407cadf9c6809d7a68c53",
    "/is.1842f1a952e8f0d4ca47.svg": "986c01f16c2e9c94fda54b2eff5c75f4856d0d16",
    "/is.2dfa14d19684fbe061e4.svg": "840476e1c917828c8436326bd12c562df17523fc",
    "/it.290f2fec799fabdf2a85.svg": "01b40cef32d2b471ba6596fbac7b6dcdae637c12",
    "/it.9938f4b9588502f93b20.svg": "653faa79aef73d8a6ff0f39dd762e7152032dc1a",
    "/je.7cfaf0ba9322b9fbc96b.svg": "704cf942024058afadc2157e4f83f861b356d534",
    "/je.cb9d6ca2be124f560822.svg": "92e9acdd272ad9142119e5a9d15b09d4371b06e8",
    "/jm.6bb96bbc99218d9f84f7.svg": "252f9baa2345c155bbc923734d81cd868e69e393",
    "/jm.74ccffca23e5a91356de.svg": "aeb297c9fc20bf24ce2041ce85078c6833cb2bbc",
    "/jo.e678dae866ec74e6a939.svg": "4e5ffd08eadca0e5fed06f0ca9e34092373c187b",
    "/jo.f41fe7d26b69dec06fef.svg": "60ffaaa78fecfb42680a1d5ec3af5e8b4ffaff10",
    "/jp.19c631c1498ba5517cd5.svg": "b7006b7f32d7699252179429fe53624a51c82577",
    "/jp.980c12c54fe225923434.svg": "a6ad52faa440e0a4293f4b875cf514ab539383a3",
    "/ke.74aaf58557811d8e79ab.svg": "9c50bbcf32600d1ae2b0324e07f10fa41f7e6322",
    "/ke.9ea890912ffd2f80e7a3.svg": "7ac9791a179ad550a2d7a86213ffeec7bae6769f",
    "/kg.1fe994c1e99757dce023.svg": "fdccc5e78bca631d9071fff0c28dd12af1dd175e",
    "/kg.4ad89b3a703d225e1f6d.svg": "ddad89faedc5a2ff7872b69526b282103e2b7460",
    "/kh.695ec7a1a39090e600d5.svg": "0ce10e7a45f30641d2e4b5404f40bee89e844060",
    "/kh.7b33804c913e2285c538.svg": "ec03179df17b996357c546ba8940f3f745f583bf",
    "/ki.32000b051bb6bb9ee785.svg": "215cd99635fb81eb08f9685ac060d75ed4d71753",
    "/ki.de100d3095b62260166f.svg": "b7fe551275093f8a97ef2e25ea1813c9d4d3cea5",
    "/km.4c4fa2a75b7c9360ac5f.svg": "6069250634aecb1fd845cc0c6302e0420291599d",
    "/km.93ef5e214ae093b8adc8.svg": "4a724c2f6119989c9cefdc88f919f9de7139fb24",
    "/kn.091a5508172f8eee28f2.svg": "1b182e0fa8016805090c60aee1153d9e6560bd91",
    "/kn.a4e974e81853186f1522.svg": "c3ada108bf15d7118824af08b5d25331636fdd85",
    "/kp.2e79afa21a3e610e5551.svg": "49f20cfef1da4b8f6e51145fde5df27b8c70deb5",
    "/kp.8d10def41b377b1163c5.svg": "bdc7206b7f9b61e0f4a80293fc66ebfff3b9c95e",
    "/kr.939387c390531d01a687.svg": "f5539ba53dd3658b0f38109868328ef94149baa3",
    "/kr.9406f22f1237e7e4059d.svg": "1735d828dfa6ec456b03a760901127d4699948f0",
    "/kw.2dce482defe9d86d0596.svg": "07e0722ef91c415f681591fb8d824c8bea143539",
    "/kw.a3a60802b9df1ea679ac.svg": "3f1c70d39eb728f0b87b38a31eebf152c04c9a9d",
    "/ky.c311ddba04238d23214d.svg": "c5227edd2b6525adc786ef08d81cb074c96ee6eb",
    "/ky.ef8e18776eff1caf6b64.svg": "45124f7f68caaf1d555cbadfc7a343747c919769",
    "/kz.7194851eb720d3fdb3ad.svg": "f029ea940a5981e83783fe35f82cbc6a32e7369a",
    "/kz.f528d1705766032d8237.svg": "61614d14dbb829fcc871cb0230f082063ec3a163",
    "/la.80cf2b55ad4d86b51967.svg": "17534274c351a04737a2d0074bbfd5773cb75057",
    "/la.8d6ad26b7061bc058892.svg": "f269694d709f5317578a0e2787d0643ed4fb17cb",
    "/lb.75479923a75562bb3dbe.svg": "22cea3e06476a9ef07f7b184b9b12248b3cac383",
    "/lb.940cc75a55e4b18f510a.svg": "9b8bfca72a72d321c87a7fd4f4face15ad9d485d",
    "/lc.0d361ba543e6cd2404e1.svg": "435867491796e06b9c9d96e23b64b722c6563336",
    "/lc.c6488de9494a4e151cc4.svg": "2bb1af29b090e7638ddeffca963ed4bc42ac2f5e",
    "/li.572f90277090beca0d31.svg": "e5895b31d700b89e7d380cc636ad53fe5e18a961",
    "/li.69a1d60ca3996705d91f.svg": "978d82a10328fe96bba7bda5f0e2c9949c2da4b0",
    "/lk.593078c9718a2a7a20d6.svg": "81cb774db93ff37e2ca0e34b3e5a32ff46230e65",
    "/lk.93412c6fbb52d5bb809b.svg": "138826e2252a3b062f7fa96a15370e25757671f0",
    "/loader.256694edcee760698aec.gif": "cf4506af364d28b9f313d4218190736ed200a0e1",
    "/lr.3a7c494b08f2d0e36a4f.svg": "4fce6be8ac09ff310fb9d96c9b4aeaa3fce599ce",
    "/lr.74dcec3fec3f73e24a0a.svg": "a006f392df9771c20d20a7b2eaafef1a30633897",
    "/ls.0de0f907e70c37b2e86e.svg": "2f8fdff9b780c2860c2fd6f7d87692b2b4f06832",
    "/ls.cddead61f832a10065e9.svg": "9eb145321943ed01d9180a7d96884bf7fcd59754",
    "/lt.2ea82cfcd24756f9d718.svg": "31bc20eb3dd3df5d738ef24d46a95486cc13eb07",
    "/lt.4c19d3a9f8cb00a45baa.svg": "3d4ec3a34cf4a756dbd718c43fffe511eaef2af0",
    "/lu.adc8f77e99b53bd83b54.svg": "26cf625f433e2f0ea627cef18e6a86968b55202d",
    "/lu.b843e6436ac12254b9d2.svg": "173903163b2ec41221ff606e492728ee9cf86088",
    "/lv.2ce7f836390f846b1359.svg": "e87ed2def54029b2e7761424d635e618b67d3df9",
    "/lv.9a5d132cec13c3e033f0.svg": "8b7791d371d29d93348ad5fffd17823c6ea88f59",
    "/ly.0ea8dfcec5cc820043a4.svg": "6e360336d73f92d37cd71b09948a543a9227158b",
    "/ly.9d867c1b9d3b76652858.svg": "cc4d78c875d1a949df98c50bd6fdd776353faf19",
    "/ma.363a4f79da72a6e74be0.svg": "da26c04d00847dd4414bc6c8f6c353bbf2ad4da2",
    "/ma.3b79aff17ae55b760333.svg": "2b29e5febaeaf669731112b60de0f88d07b88e1b",
    "/main-es2015.3911222343e77d3f54e6.js": "6bed6a7e82f302b6f0265a3f1894b96b5e1f260e",
    "/main-es5.3911222343e77d3f54e6.js": "84ccd2b86ed714cd8b22222cb763ae03d6d1798d",
    "/manifest.webmanifest": "a3d61a7504699cde8374e8b8ddd422792edfd4c4",
    "/mc.082fc1558b4cf726b613.svg": "b57b9153c3ad7b91578b2a8ce2ba4ebf18ab5169",
    "/mc.a2634c60fa92f9ff20f0.svg": "e2ef27b57936e4ac537351cbda007cfdb04b08b4",
    "/md.4d08e48ef4cfb7c192dc.svg": "3f6f59263dc15f22b83da4ccdaa2fbf842afe46f",
    "/md.efdfab01385b30e73986.svg": "331a2f50bc88915ba5d4b72ab432a7c17fd1e3c3",
    "/me.0b785614513a0b99de04.svg": "04c7607f40f834b07b2ee7ba67071a7bb70c154c",
    "/me.4c8b84af010134d56b90.svg": "c5ff5d633fc25fb861d7b2b00185b4cc29b714b6",
    "/mf.2d96a80bd05aca4ef711.svg": "016b77b505855340ca28b7208f011fae9a965dd6",
    "/mf.c02a78fb2738ceb5eece.svg": "1135c2819f5c703268604b04f3c526aeccfe1420",
    "/mg.5bdc14fe1aa439d1a0b7.svg": "16b04b7addb48a51df45d0c5184faad3f538acfa",
    "/mg.f9101073ea57c9f7664c.svg": "c616f64b6ed99023cc4cd387daa0630530f07d05",
    "/mh.7ec670b4d72f8a614957.svg": "486e74badc99e361a2e0aa1f95d29f876150bd2c",
    "/mh.c0b2e372c1a8cb36930e.svg": "bbce1b90d774178118ece83ddb914ecca665fbd0",
    "/mk.31ba11ec4d4cdae74ebc.svg": "fb8319c059ec74ebd1e29920d7c48fa07b1ef37a",
    "/mk.c370fe88a49ab3c18701.svg": "02767f9b5636b8a514d241b1ea127bd75b7c29a3",
    "/ml.18083e46073cc9f5f58f.svg": "88726c00bcae767e30e8a5be3aff9b469ac015a6",
    "/ml.d11c30638f3d7b1766dc.svg": "65f26f53581234be2baf64e6d915bbb3c1ef1087",
    "/mm.6f93c6d0ec04077b61c7.svg": "a4466359e2fde4e5e62692e8c5d11d0d1edc0ab1",
    "/mm.7068544f07c5b683b67a.svg": "03fe266f832969a614e2cab81b43155c5e4f3218",
    "/mn.291814d605941d58335f.svg": "b54cb6cbc4c8dd58570313ee90f1e5fdf0289db3",
    "/mn.5e4557f7ed743f19592c.svg": "597e5a65cdcc62b19badfaf6431a427062ecc7d0",
    "/mo.51161bb2c65f7b5c3096.svg": "e14f9006b34b65b792f974e7cd8bdf972badd0b1",
    "/mo.77d75a5ceaa9580d6761.svg": "fd334627efe3c0fb79e26712acd9792253108ed7",
    "/mp.394b0c91d8212a6cb6db.svg": "3416542192c42ae4dcb13d42a8bd916a3ea72057",
    "/mp.b0a5ed44db6410228f23.svg": "304603f0eda7ea94f203380d70874dda2ad76fcf",
    "/mq.09c19f656772c8f93989.svg": "964c166cb9ac6aa787612cec9acd38fb857f491b",
    "/mq.e82d6df9e99c87fb655b.svg": "eede60202499f9825a7e7e245a0293144cd34b7e",
    "/mr.3642790a35ff100e55f7.svg": "2e997a200f5e0a5da09aa94b2ec75bd443312451",
    "/mr.7211bfd49f97a5ae1253.svg": "38e7e0b2f548378ec7775b60a2586edfb661648e",
    "/ms.8f7c204278ae1cdcd35c.svg": "d50df67a295d70d5723124fe1fa7fe48f36a522e",
    "/ms.9474f8cf128ce6813e2d.svg": "f003b948c776905be85b717118b96d4c2142f43f",
    "/mt.0c23ea353ac917d9e4d4.svg": "05ece5c4dc6926d527dbfb3f75df03509d645a25",
    "/mt.c91049a111e0a4dc2611.svg": "c28851ea9f22e4feafae216303f6d39c212a45d7",
    "/mu.97beced41b168e88e8fb.svg": "b5acc11499c3034177f89e2f8cbe33614fa5dacf",
    "/mu.d7d71f034d81a7105373.svg": "447ef6432d9f60329291b67b2c5a277343f22469",
    "/mv.0329f53cf8f786716fe4.svg": "d8bd6509f69b34ee1baa6f6e35c1803a507a788f",
    "/mv.91b2c27c9c550f558607.svg": "6aca8404cf21c3e00a04e4afb59ac815669c989f",
    "/mw.6807c4fdd0370b23d239.svg": "15899e67475e4d4ce69c338158e18d443dd269d3",
    "/mw.b4d805efda655aef8b6e.svg": "9f8ee2e1af739389c3675233a75a2f20bc242860",
    "/mx.05c8d69783e68aaad2f4.svg": "991d84b1fb4422a08c80851c237d279d713bc331",
    "/mx.bc63d25be57acf721e56.svg": "93ed8c134ace8df76ab156df86e8299e227d8777",
    "/my.0d298a9e4566332f8a84.svg": "f463ea75f6cb301a06c3db81c4470338d518c649",
    "/my.848fbf91865a8d191263.svg": "2b2213f74e78508a1d28ed92d4b6d589bab81090",
    "/mz.dac5f7ee4f2a02e79de2.svg": "4283bc61827f1a7fb8b5d17c50d7839f149a55eb",
    "/mz.dcf8977ee74002921810.svg": "8a6f4596ffa156b35859b3edd55b09290385d2fc",
    "/na.27bc2313a9535106015c.svg": "b1eaf4262ab574054ab3cbe31a61e83756dc7cae",
    "/na.e241f81665d5aa3bcd02.svg": "7f841ae0e838891953f58215ef48b978aeb4f6f5",
    "/nc.046cebb8a66efa64641c.svg": "268cc311401e95db4da114d78b57b30b657ab668",
    "/nc.5681de45e8340741e312.svg": "02da0684f2723ba57cd5ae0036ad0d3597800370",
    "/ne.64f5ff142997ea42d42e.svg": "d752430a1e1bec4470f23a9cbeed82b8e9788e5a",
    "/ne.6fd3ccdef1a91e8be5ae.svg": "e011d5654a787e12d881b675de7bfdbce388f41d",
    "/nf.7a4f3d1b34fa49f5a098.svg": "64c7145c0ec0967fb20332cf7b0ce595f9fb0d86",
    "/nf.7c3216dcabd2a393fa48.svg": "a4002b9702daa3502048f3dc870cb561c9d487d4",
    "/ng.b69ed1e58b69dcadbf0e.svg": "40c325468a166bef373b6ac5ab592f5337abf10b",
    "/ng.caaf41205a6fde2a1853.svg": "ddface711b1cb1487b742d564c26632f45b66713",
    "/ni.52cfeebfb0f78f395c13.svg": "0d9e31a5256b53ac051ab085f8c1a342dae95ca5",
    "/ni.d30c03773b8ce5412033.svg": "4f096b99c558ce383550c6b2dadfa65420c6e66b",
    "/nl.21eb77dcfa38c6d7bb81.svg": "c74b0680a843e86678279b4ae63c20a7116710c0",
    "/nl.f9d570ec865ab2c1e9d4.svg": "d91e11166ad2aea33a2157310fd359a5d29d6380",
    "/no.266dbd6fc3e66414aa3c.svg": "8ce46b52051cd9e12747cc4d0ba14568a1a5d200",
    "/no.6df96bb22557028a5f77.svg": "8c71f507dc4e81a37418fa4c5173181ffcace814",
    "/np.ecc31e52fb6b958eb681.svg": "79be8f09e2f033e8b8068bb1d2643a4efb6c2cd9",
    "/np.f7885aa646996a2aa6e0.svg": "8d55b7621d4c9c2a3fc6f01ebb5525bcd325bf70",
    "/nr.1f7cfffb6cb01e5215ad.svg": "bf245837ea8f3412ab6aed7ba7b171ed801dc79c",
    "/nr.dcf2ea3a8e5dbf8a9b80.svg": "736bf820fd69649f78b78ffa5943c139423c4d5c",
    "/nu.770e6779515b496ac3b6.svg": "dbc052e6a4a13cb1c86ae746ce3e24a2742fb09d",
    "/nu.9deebec59d90dece17fc.svg": "d0a4c2633a54752de807d69c2e87064c7ed7aad6",
    "/nz.37be84f4206a0eae405b.svg": "01fe73e3b0eb58fb3ea56e6af79b8477e424355f",
    "/nz.4dedf09b8933ec6f4390.svg": "28d10954a9ace09fb9be396486702e84af23dc7a",
    "/om.09e65f88432f6b938338.svg": "1f6f8276ccdd6f72654ab79b0c382cabe43d4f9b",
    "/om.716feea54634c16f406a.svg": "47900b15ef191260cd13c8793a235e00e1851e8f",
    "/owl.video.play.7f01b07148f205f6e825.png": "c0d64356ec2758cb280d183b4829c923e5ff61e5",
    "/pa.69b3b90501ccfc42beff.svg": "ca29bae24a403b67c116ebb46ff60a1df687bfef",
    "/pa.8788ab50de263793f74b.svg": "0106f7695beb36379634b39507b7bb2811c06635",
    "/pe.83c26459858b4334c435.svg": "f9bd0381541c7d3094b7948a93810d10c772ee45",
    "/pe.9e2ec84ad461c170e9e5.svg": "c6bb746cf6f780e85a4e5fb937f789c4c3939c29",
    "/pf.296e94595f307817fc2b.svg": "7236386334ec07ab20cb924eda549981fd352117",
    "/pf.fbd548e641a7199e969d.svg": "4b8e15af002b1ccea53b66eeed5ea2e19b5f6be5",
    "/pg.9ebf0bb36bfe656e7aba.svg": "73b776d5be6730f1e751537feba74bf8f3d61286",
    "/pg.dcb8c4ab032af81620bd.svg": "274fbeba0204aa33bbce819cf184ce093eece711",
    "/ph.374bb0d60bc777e60d0f.svg": "07aeddaea6f1ff328b5399056e6d628a5dd82006",
    "/ph.596b9b66d026fa222c2d.svg": "e898abd7d7b6747bc41675dccefa17f0584f8593",
    "/pk.0e17f31b0f156316ef20.svg": "7c4f261b7cc0cf28c23fbf933853d36634d25c3a",
    "/pk.8f9276eb2e7dc3eac94d.svg": "32a1f23257d540301e1a8b320f3c1ee8cdbb4e69",
    "/pl.7ea4b5b2df865bf73b06.svg": "fd0b6b080badcf4002cdd0dcd1a6b7d567043ac2",
    "/pl.9400273de5d060652ce7.svg": "afa7df1591868b3672bb1e6d82f079a532f67848",
    "/pm.7582c30f04bd66a4e73c.svg": "22b3d7761f87558aa810b8165186ee570f6d7130",
    "/pm.c5a64f87b2370f6a2ae3.svg": "ae218382535f7849266fa4e4f06656140725f453",
    "/pn.0911eddaa4bb5cbf54b8.svg": "e227aa4af5e6456e04b8de8a65e08efad5cdf823",
    "/pn.ab7259a94ec182c05827.svg": "bbbaaa0b47e86dc1ea1cd57b2fcd312b9effda6a",
    "/polyfills-es2015.f2c5ab749249a66bdf26.js": "72ad4ccc0a3916ae4598199447cdeadd6d380570",
    "/polyfills-es5.8762124472dbe27575bb.js": "89222a28dbabb780fc372d33834080e0cd3083d9",
    "/pr.7845ecd77b3b58e3c8a5.svg": "f8e01c1c13e2366be29a8f51794aa0ff291a48f7",
    "/pr.836bcb814711de3da206.svg": "88ca09b98c41ce283068d1126c068a19f32a5a4a",
    "/ps.451101efffc43d2b1ae6.svg": "afa804e6d29e8d821e82e61ad52191a0a75f5623",
    "/ps.77489c5e7455703ed84f.svg": "5a75f0c50734869776d4bec37bf6e4d437bf594d",
    "/pt.5697f2973616282e4c76.svg": "ac36d0f2b27ab5fedf127579e304d7def7c909bd",
    "/pt.b89a5b80ca1a71c3b96a.svg": "58cc302c5686c4bc14ded4ef8e86f761add3fa86",
    "/pw.5f3d8d8e8473f6439a21.svg": "00a74668971b54fd2d33a7dd130dbcc01586baaf",
    "/pw.666cd05f03955ea01aa5.svg": "cf464684c037273f3ce9791aa0cac3512349d283",
    "/py.51b0bef3321042c04717.svg": "ed4b1864a5bba7b8209e0755f217d68df393f7ed",
    "/py.b19bb0ae9ad5d553a146.svg": "34901a1a47389b478b6c087dadf6a61437198849",
    "/qa.90240e607800ce7ed1bd.svg": "cb9cb697839fc79217b1c25797d9ab5e55807d2b",
    "/qa.c08921ec8cdc1b1a0e8e.svg": "4ba8198ffe66a7eece2a9c74bf476c5a470e9502",
    "/re.7e8577e98f035e765e59.svg": "142283b957b7dba5a2411707dafbd77d79feb8c1",
    "/re.f05b5f1673afe6db0760.svg": "248188573e3653c9427b8903cfaa711b28b14f80",
    "/ro.51182fc9671cbaa10989.svg": "3535a108818f0e004b6a7c262fffbf2e7d2a6aca",
    "/ro.ea966c3dc0adf3d08a00.svg": "488c131802095ba7b91b4262c33040fab1cdc560",
    "/rs.3b67d7bed888271edff6.svg": "c9f2a5dab914091fad112e9c4576f2bb4f7f648d",
    "/rs.51e6180ced2cf59fd51e.svg": "7c1bc3b1bb21da5dd2c223b048d479e1a17fcc2d",
    "/ru.f1c2ba49b3ccc06ba58a.svg": "077a34f40e6d166e06180c2e5abd5b322a8de6af",
    "/ru.f760036294e1fff52a9a.svg": "fbe8adc1f75d896354345414a75cf5f847967ee7",
    "/runtime-es2015.1eba213af0b233498d9d.js": "a9aafcf49f49145093fc831efd9b8e2f6c71bb9c",
    "/runtime-es5.1eba213af0b233498d9d.js": "a9aafcf49f49145093fc831efd9b8e2f6c71bb9c",
    "/rw.02a8a07e06e4ae9c0122.svg": "49851dc27d167b5742cce4d6198feab848c9d20e",
    "/rw.26854553b660fa5e4982.svg": "e46db13d506ecbfc083b6abbf43db0bea68728fc",
    "/sa.b9a346574cdc8950dd34.svg": "4907e7d35afbb093c7f653ad8860fa2d30b62648",
    "/sa.dbdc272cb217fd407ff8.svg": "91394b420999bd3fb75ea94df03bc86f26ce2d5c",
    "/sb.00988e025b134db97443.svg": "85b07f3544675c519e3b07a3dc1bdc8e7d33b695",
    "/sb.2c405bb603253b6e2040.svg": "e421eb20306db11e5695556f0352d3a93b439028",
    "/sc.8357ba15f90dbaaeec2a.svg": "27236e78f9d9db01d1e9198cca189037c4ba9c19",
    "/sc.9ba013463b785efeb6be.svg": "d1499fd05306ea47d4f10893d0df209d6b46efb2",
    "/scripts.1f6ca033f03e3eca8195.js": "5c90f11175aff3829943b215b96e37cf9b395a01",
    "/sd.090d0e106e0c7fd28b23.svg": "ae03f807b67c86f884bef8a312ad602d284f8951",
    "/sd.cb3da007630d3b35d1ca.svg": "b44cf3be3a125f6896fd24911f54f707146b81f5",
    "/se.4f5f456f4d5e5bdab075.svg": "237762bfa4765d1af97128963f43d04fca68b4f4",
    "/se.9d0641e44f1e26bfc1ce.svg": "2e372fdb4c5a8bd1417540af1eca27129d7c294e",
    "/sg.9751741f84e6e5263a40.svg": "fab12ea1b3d905a3467f4b3d58093eac94a1880c",
    "/sg.e6a27ad3fc2dedabca8b.svg": "57ddfbc0b9d5788b2b1bc7ee837f5487bfee1f41",
    "/sh.acd7b6efcbb9ea9ca7e6.svg": "e8a3dfc757c49ea35706a83e1ee5afcd7d0f51ef",
    "/sh.c5ab8c6e3ffc963e14fb.svg": "ef5a46f3759a41746b2f6eebb42daabcc101e692",
    "/si.7f576d8798a8732afa46.svg": "ab7dc7d7d89cded3d89a18113e2af598229c10f7",
    "/si.d38938fcbf4ff9430856.svg": "425ac621088f4364629dfd68b832ca0811ba462a",
    "/sj.4952c9a6d03f7d9caa08.svg": "82b8f482036faad8cfbae88e12847ff5ec2fe803",
    "/sj.bf11a7596686324ffe17.svg": "3aac16185a00d97902be74f844dfb6b8a514d925",
    "/sk.563985765998ec7428e9.svg": "fe9baa1f59556b74aa5bb99b7ac9b120869ae758",
    "/sk.be58e557507f14689689.svg": "2a48ae089a090a1e5ab304085e1df9ba6b7a6144",
    "/sl.4fd17d63688a1b300bca.svg": "41363e655385a6cbbc2faf111545e4b196ff08c6",
    "/sl.f1772cd4436de4f4535a.svg": "284ca020ffe659d4b4110c627c201a93ac3f7512",
    "/sm.7e23c95234800a7c7e1e.svg": "400106fe094648b52002c4e1be581a31021de29f",
    "/sm.b57f66050d777f87e0a5.svg": "989a3f6b5d26a9e8b15b4305e9e99cb039a2d7ec",
    "/sn.1ce79520b54b680dcc8e.svg": "91f5d2e4695a96aabeba39955ff28bbd88fa6c60",
    "/sn.a03bc309423c9052891a.svg": "631584b0f4faf775ae0d4418f885e62018c3c26d",
    "/so.34b037a702aae22a7534.svg": "2984fa0f675e846aa2083d5acf52fc15570cbe1f",
    "/so.d1a7d3e18523bf69f2eb.svg": "8bb4b3039776e41b0f22e78bb4f653a4e15e746c",
    "/sr.4ee190817d3b7c7862ca.svg": "5e11606354c457390aa6b04410121852b470b5ec",
    "/sr.690504905775fc1b1480.svg": "8e20bd76200b7d02f3ced0c0359d16ff727791b8",
    "/ss.2ad5a2bbc138690704ad.svg": "16d5d6d5091d25ab64cb90ddb6ca6d7585ef185f",
    "/ss.e4bf9bb42bd5d25190fe.svg": "6d5a79093e1a91ef49bf3cce120446a69385d887",
    "/st.342a4d3c791c89ec3103.svg": "0b1df5a475a31363140f5f9cccef754c116f8cde",
    "/st.72697a87cfc011963be4.svg": "c8bcfe705feaad5a098f13e2366318e4b8ed26b4",
    "/styles.df2fc529cf7dff0e36e9.css": "d582833240f103e73fa9daa00b36da08fca8581b",
    "/sv.3bb132d79aef68d7fe41.svg": "1009839160eb5263452b87123785850fedddb04f",
    "/sv.f4b3314001ea3a7cf1d0.svg": "2439582e8af2973b2afa106babae11b2112080e0",
    "/sx.aafb13f61b6688f41a14.svg": "bcd5bda025da36a1776e53628728cd10086cd514",
    "/sx.ce647f25cbbcdb00ed0d.svg": "62c862c3a328ee7eacdbc0880b8839c434298ad9",
    "/sy.6529aa17e46f775a3931.svg": "f028a8c1d52870d4c0043ba4c411b12f0259f7cd",
    "/sy.9d13beb594ee208a6864.svg": "7a5fb41f472c0845b22ddf20cfe0da9a2e330d8a",
    "/sz.5d494168348fddfa3aeb.svg": "9d50773e72f47965e4bece50fb2c90738414e617",
    "/sz.d62f5eab640be40355e8.svg": "b54a0bc4d169acda28ff3622c1ff31d5bf75c27c",
    "/tc.0d16f864a483488586df.svg": "b3a83e5286865ad36efe61414fc455b06a67bace",
    "/tc.f4f865830e706c26ef44.svg": "b835e025caa719a836fbe3e4fd558471980f965c",
    "/td.230eddd3b5d97166b70e.svg": "baf42c0be91d0aa328874d62d9e8c7b96d18dbc3",
    "/td.ad4b4469031fb72bd98f.svg": "1231e704784f89b1643cf5938e808adead9ede8e",
    "/tf.aaea08de295f296f0bba.svg": "4bf9a67d2da34d80d3e2093ba992a39d14d2c87c",
    "/tf.cf4959c4339d5b123093.svg": "abcdc662f1916248dd75e8b07408e9323e2ed3f6",
    "/tg.4abbb52870d11bce293d.svg": "8458a7024eaf39a888a91a6910c8bede721e3e2d",
    "/tg.f97c4ebe662df8683fde.svg": "1943b3c1fc1c5ef584828702b72a96d417177398",
    "/th.2ca3db46e2b26412705d.svg": "1f57e2dcfc2f1ec277bd577c5262f527a42c5d9c",
    "/th.b6ade2beba225ed5f2b5.svg": "1a210bf92d8c0587dc496e2b6c8d41fdb0d847f2",
    "/tj.b32f7c017787f0d8579b.svg": "abd64f494e9ee0570debf4352f44f9de8f088bb3",
    "/tj.e97716cafb6e3b770d5b.svg": "894f0376b55698b75b1dddd2e811258e1a4e62d9",
    "/tk.54b9e3f941cb3083e2a3.svg": "5b1d1fdac4e8d187260a3d350f8f38b94103556c",
    "/tk.e3d850fb9644bf50d891.svg": "4a13fcd2393595e225598b12e42328a7efeba7fb",
    "/tl.503b7926732b784efbed.svg": "be0e88976c9153be285050c9cf7c1eeb5319f743",
    "/tl.c7a146dc0d916983f8dd.svg": "cce0b84e333c751960c38fde3cc94b467db6e8e1",
    "/tm.442986488503d5356e80.svg": "ecde39955dd5392192f154a67710458e2b61540b",
    "/tm.6de6696b70775fd30f3b.svg": "47321b1396bd4a7047b4d6d721793d129e013df7",
    "/tn.6cd8c9a453cd0fc5e761.svg": "ea39efde18abf5e699f1499199d5309d450530fb",
    "/tn.8b09464a7524dff3fa47.svg": "528818aab10c15299ea5d5f8dc15c8c983aa4a25",
    "/to.65dda6ec6f9719bbd784.svg": "f560ecea3c8e2b293f40c940c7e6ee356599fdc2",
    "/to.aaa24511e1160314531a.svg": "14179e290396daa90e9ea0a15ce720ccdbc04a31",
    "/tr.2880fc8e0e28f4a11a8d.svg": "49db5e5e46c496be4f3f7b0565bb415982bb6130",
    "/tr.c3d773f3ebbea061e963.svg": "258805d29ed45f4650436c75c224c7ddebe20be2",
    "/tt.4252a958aa98bb3ef5f7.svg": "34e2e35fcc5dc2efa4c42b39bdba990a082c8210",
    "/tt.b9a6939e2ab09927d190.svg": "24375572039d26f43fce04889b6acc3cd711e2f2",
    "/tv.99618ffc3d126b12802f.svg": "cdd91a68f361f21ea8e8e5114999f77b22b5f2f2",
    "/tv.c87adc622981a557f7a5.svg": "f4d6bf56ab5f3a1d5759de8504b1ac1d24405bfd",
    "/tw.83324ef79fd96b77a609.svg": "19cc979e339ae78c1ba0b57cd6d3e566e00768e8",
    "/tw.a72a85cb06aca393b4c6.svg": "32672e3399baf443c63414e2df7a053a8139d27e",
    "/twitter_blog_widget.940c005c6a56bf5d30a6.png": "900f4d3bd42bb6da9833e5020f5303f1314680b7",
    "/tz.20af2614818e325d953d.svg": "64da8a1232d7cd725989c436c9f4b77ad854a737",
    "/tz.2218434d34c055a29fdf.svg": "1384c346cd9ea459bdc766c0e55481f6a85aa12a",
    "/ua.2dd397cb920452449aca.svg": "ce6bcbff6687ae6b2a55058492dffe5da5930834",
    "/ua.67a46bf793e26237ace0.svg": "2842dd088926991ebb96fabdb385e3f82696432b",
    "/ug.83f4207b3f42150d667b.svg": "a820e6008ad23672310c60df79dc19449149b651",
    "/ug.983dd591c56af488af96.svg": "2f8ce8a1c005bed6eae1d3d772c42539f484c88f",
    "/um.0f5d59d436cb8d91444b.svg": "c47a7f6534886a7d8e56681e4df2770d1a3b3ffb",
    "/um.c3e06b4d7dfec14653ce.svg": "9c63cc86b5f55b470248e9df15292f6d51a4466a",
    "/un.19c1ad320e901a90c0e3.svg": "b2230b9669a5d652df21cbdea01800c3af98d396",
    "/un.4c0a34afb0c02cd13b3d.svg": "926fc99d2f8737a96001b9450bf870e4c3171a7e",
    "/us.3cc0d38b3e8d93132c90.svg": "73305bd6cab9d5e7c535afbb4892020e6cc92fc9",
    "/us.c95087e1a852cf730acc.svg": "cb3f54c91edab7cd02a6b002c90b3f30b398da58",
    "/uy.091841c8018480091fae.svg": "ae21e26341ce716736a5591c4980e75b6948c219",
    "/uy.4c3f85c5401c3a3875ee.svg": "2a318a3c89bfb8ab312a05dcde45d5101e9746bf",
    "/uz.6e16292aee6b5262a693.svg": "2931eea813016d14da0703ca7723b46c19eaa310",
    "/uz.ba79d2974850ade2d036.svg": "67da9ec96ba60dbafbe381f952df320c419adb47",
    "/va.555e01bd279c6bbc28c4.svg": "059b1b38a78ba6942fc0f77417b143385fa75b7b",
    "/va.6d6a5ae672030a7e351f.svg": "7d91eb3a052d7e87dd6c94c3361b5144f54d06ba",
    "/vc.2614017538c99c0f2ea7.svg": "c4970d9ad60d307bad11f4e240780803ce4c8f4c",
    "/vc.e19034240ae39be40a4c.svg": "c7f8244107ae85c3151c40a5a1c61035c7a1abc5",
    "/ve.125ee9246eea1cb1b662.svg": "9af0ae3fc9d62bb187f9c392385b4e87162d958b",
    "/ve.b8bb0477d02228d82ffb.svg": "68b14335ab07204d7755a3668b2d5c5559d269ce",
    "/vg.76c17dc332a16129789a.svg": "69c2d93f8bb04a31f794ca6878a7df11afc12d7b",
    "/vg.7bc5c83294392b4386af.svg": "5c4cd3ceb0c525b517289906b258f8911b06ed0d",
    "/vi.1ae3b627580608e32c99.svg": "1ac7aecb1db74b48fd7084e53d0085160fe6fda2",
    "/vi.bad0002a368d6bca0956.svg": "3767c173cf78dbed58d071e93ab4bcdd57b3a6a5",
    "/videogular.6cbfb587b23dba448c1f.svg": "5f425e191f26e38cc784ef48eafebdb6d2b070db",
    "/videogular.7b2cf1a3b74373b9bfdf.ttf": "bb67bb29f92837ac5e2ea0bfd9fa689ad15fb887",
    "/videogular.cb94a8eaf88cdf576801.eot": "5c324417e11c52e00f8293fa2a120fe3f63f5d25",
    "/videogular.d6b24360bd8bd3fbdab8.woff": "0e25c781426255dc473162ae7cd0fab5a5a721a4",
    "/vn.2301f6f466f2e744e48a.svg": "e87a69c6b6a2f714b5435d8b35c5003b7aef1772",
    "/vn.25540177a9e64be64b71.svg": "24e774309e19b9ad9a3d6727d1f49f4fb82b723e",
    "/vu.25acc79729c1d8a104b6.svg": "2c62435292b6c3e4787d2dbb9fff98fbe37cea6c",
    "/vu.87d69c1826cf7245c2d8.svg": "966a44f33f43deca6e93ef438b41c86da6ca2e9e",
    "/wf.55c63880d97978216450.svg": "c3b112d5155ae3266780e1a58a991b95f1a1b43d",
    "/wf.e9a373c6bcbf8ea5021f.svg": "f30715cea698300049c11ac906200ef5e81372c2",
    "/ws.81cbff3db85ab05a4ac8.svg": "57cab17a6e07c925b5d5149de576fa81eedd9712",
    "/ws.a6817aa95b8cdf652ba6.svg": "0a122a8357a1ad835823552b85c8e8d79e5d7a59",
    "/xk.12d1409638442c96c8b9.svg": "448a85429056da1ebb9e8845918b462ae18b067a",
    "/xk.48269c0b55c2532ccb76.svg": "35553402c3009cbae2d5f6bc2419bc67a7ec59a5",
    "/ye.2289a38ef27f51f7e88a.svg": "40777e9c4bdbc2da8a26090e1aad7b330e3a76cc",
    "/ye.f62afcddf3ac8b1dfd3e.svg": "a82963af1867f8a6480dfddd7d8c991eeffb40ff",
    "/yt.5c77b04743aada260f6b.svg": "f636039a6623137de851b2f69ca02f5b57ca2aa4",
    "/yt.bf9663aea16580e485d0.svg": "dbd7612b4642e5a3568ef183576d2f37e7615cb7",
    "/za.3c71a2a22271a414dd3d.svg": "3d3b8c63889144bf65668f1360d5bdf9df878c91",
    "/za.83099da26ad6804ed7a5.svg": "a672948d3aee2f3767aa6a7731c504fcb7defe89",
    "/zm.79a41234f024ca5ab0a9.svg": "64e8f4147a08494130a02860759bb459d122b077",
    "/zm.a303f51a36999e85ed3b.svg": "2f3fac038109d0f6a7e2ea4664810179e8fc1b48",
    "/zw.2840e62aaca37d36b327.svg": "dc9312c2a706d1d57056eb3b9ba9381c5fc7c175",
    "/zw.f5ceeff7d65d0b5e33b7.svg": "79c25133e9618202854cf343c7c203d4c412cabe"
  },
  "navigationUrls": [
    {
      "positive": true,
      "regex": "^\\/.*$"
    },
    {
      "positive": false,
      "regex": "^\\/(?:.+\\/)?[^/]*\\.[^/]*$"
    },
    {
      "positive": false,
      "regex": "^\\/(?:.+\\/)?[^/]*__[^/]*$"
    },
    {
      "positive": false,
      "regex": "^\\/(?:.+\\/)?[^/]*__[^/]*\\/.*$"
    }
  ]
}